customerID,churn_probability,monthly_revenue,annual_revenue_at_risk,retention_priority_score
1400-MMYXY,0.947,105.9,1203.75,100.31
5419-JPRRN,0.981,101.45,1194.67,99.56
6496-SLWHQ,0.945,105.0,1191.32,99.28
7181-BQYBV,0.968,102.45,1190.09,99.17
1875-QIVME,0.95,104.4,1190.06,99.17
7216-EWTRS,0.982,100.8,1188.36,99.03
4587-VVTOX,0.924,105.3,1168.11,97.34
0107-YHINA,0.976,99.75,1167.92,97.33
3178-FESZO,0.969,100.25,1166.03,97.17
5052-PNLOS,0.919,105.35,1161.41,96.78
6023-YEBUP,0.952,100.95,1153.39,96.12
2081-VEYEH,0.879,107.95,1138.13,94.84
5760-IFJOZ,0.876,107.95,1135.32,94.61
2656-TABEH,0.943,100.2,1134.25,94.52
5299-SJCZT,0.93,101.55,1133.41,94.45
6734-GMPVK,0.897,105.3,1133.28,94.44
9681-OXGVC,0.939,100.5,1132.08,94.34
0295-PPHDO,0.982,95.45,1125.13,93.76
5178-LMXOP,0.984,95.1,1122.98,93.58
3992-YWPKO,0.85,109.9,1120.63,93.39
0702-PGIBZ,0.917,101.7,1118.97,93.25
2265-CYWIV,0.933,99.6,1115.07,92.92
4910-GMJOT,0.982,94.6,1114.49,92.87
3389-YGYAI,0.88,105.5,1113.77,92.81
8884-ADFVN,0.909,101.95,1112.23,92.69
3158-MOERK,0.963,96.0,1109.39,92.45
9300-AGZNL,0.983,94.0,1109.37,92.45
8149-RSOUN,0.982,93.85,1105.95,92.16
1393-IMKZG,0.961,95.85,1105.66,92.14
9057-SIHCH,0.953,96.6,1104.26,92.02
9497-QCMMS,0.984,93.55,1104.22,92.02
2027-FECZV,0.862,106.7,1103.13,91.93
6857-VWJDT,0.961,95.65,1102.68,91.89
6356-ELRKD,0.961,95.6,1102.2,91.85
2446-BEGGB,0.934,98.25,1101.3,91.77
7851-WZEKY,0.964,95.15,1100.6,91.72
0684-AOSIH,0.965,95.0,1099.99,91.67
3292-PBZEJ,0.822,111.4,1098.88,91.57
6521-YYTYI,0.977,93.3,1094.03,91.17
3049-SOLAY,0.957,95.2,1093.04,91.09
4822-RVYBB,0.905,100.6,1092.1,91.01
2720-WGKHP,0.968,94.0,1091.71,90.98
5150-ITWWB,0.959,94.85,1091.31,90.94
5567-WSELE,0.961,94.6,1090.88,90.91
0880-TKATG,0.899,101.15,1090.67,90.89
6861-XWTWQ,0.916,99.25,1090.57,90.88
3606-TWKGI,0.85,106.9,1090.28,90.86
4424-TKOPW,0.968,93.85,1090.18,90.85
7024-OHCCK,0.966,93.85,1088.35,90.7
6108-OQZDQ,0.926,97.95,1088.31,90.69
8098-LLAZX,0.95,95.45,1088.26,90.69
0781-LKXBR,0.902,100.5,1087.42,90.62
0754-UKWQP,0.945,95.85,1087.19,90.6
4132-KALRO,0.897,100.85,1085.91,90.49
9223-UCPVT,0.957,94.4,1084.39,90.37
2369-UAPKZ,0.863,104.1,1078.65,89.89
1374-DMZUI,0.952,94.3,1077.19,89.77
7938-OUHIO,0.909,98.7,1076.7,89.72
9305-CDSKC,0.899,99.65,1075.55,89.63
3902-FOIGH,0.884,101.35,1075.41,89.62
2968-SSGAA,0.89,100.6,1074.92,89.58
2012-NWRPA,0.9,99.55,1074.68,89.56
3811-VBYBZ,0.896,99.8,1072.85,89.4
6688-UZPWD,0.876,102.0,1072.05,89.34
4078-SAYYN,0.887,100.75,1071.83,89.32
1455-UGQVH,0.906,98.5,1070.76,89.23
9221-OTIVJ,0.85,104.85,1069.77,89.15
7450-NWRTR,0.896,99.45,1069.61,89.13
0897-FEGMU,0.895,99.5,1068.69,89.06
7398-SKNQZ,0.936,94.9,1066.42,88.87
4929-XIHVW,0.93,95.5,1065.71,88.81
3988-RQIXO,0.972,91.3,1065.37,88.78
2725-KXXWT,0.974,90.75,1061.01,88.42
0680-DFNNY,0.874,101.1,1060.36,88.36
7274-RTAPZ,0.973,90.55,1057.22,88.1
7218-HKQFK,0.935,94.2,1056.64,88.05
3319-DWOEP,0.919,95.75,1055.58,87.96
0365-BZUWY,0.857,102.55,1054.92,87.91
6350-XFYGW,0.928,94.75,1054.89,87.91
3006-XIMLN,0.933,94.2,1054.23,87.85
7379-FNIUJ,0.877,100.2,1054.09,87.84
0329-GTIAJ,0.897,97.9,1053.49,87.79
8775-LHDJH,0.968,90.6,1052.55,87.71
3387-VATUS,0.924,94.85,1052.06,87.67
8118-LSUEL,0.824,106.4,1051.6,87.63
9944-HKVVB,0.921,95.1,1051.47,87.62
9725-SCPZG,0.964,90.85,1050.46,87.54
5956-YHHRX,0.839,104.35,1050.29,87.52
3027-ZTDHO,0.973,89.9,1049.99,87.5
5349-IECLD,0.921,94.95,1049.39,87.45
1075-BGWOH,0.884,98.75,1047.58,87.3
5995-SNNEW,0.835,104.45,1047.03,87.25
4192-GORJT,0.923,94.45,1046.55,87.21
5419-CONWX,0.873,99.8,1045.99,87.17
0970-ETWGE,0.973,89.55,1046.1,87.17
6892-XPFPU,0.836,104.25,1045.98,87.16
8413-VONUO,0.91,95.65,1044.79,87.07
1941-HOSAM,0.966,90.1,1044.38,87.03
5167-ZFFMM,0.957,90.85,1043.26,86.94
1415-YFWLT,0.973,89.3,1043.14,86.93
8625-AZYZY,0.83,104.65,1042.77,86.9
7577-SWIFR,0.974,89.25,1042.76,86.9
5380-AFSSK,0.925,93.9,1042.32,86.86
5797-APWZC,0.958,90.6,1041.24,86.77
1455-ESIQH,0.974,89.1,1041.09,86.76
7548-SEPYI,0.901,96.25,1041.02,86.75
7294-TMAOP,0.958,90.55,1040.71,86.73
4298-OYIFC,0.838,103.45,1040.59,86.72
3621-CEOVK,0.865,100.2,1040.62,86.72
3957-LXOLK,0.817,106.15,1040.23,86.69
7145-FEJWU,0.821,105.3,1038.01,86.5
0564-JJHGS,0.906,95.5,1037.83,86.49
4927-WWOOZ,0.946,91.45,1037.75,86.48
7234-FECYN,0.853,101.35,1037.54,86.46
2660-EMUBI,0.906,95.35,1037.21,86.43
6615-NGGZJ,0.859,100.55,1036.32,86.36
3068-OMWZA,0.972,88.8,1036.15,86.35
8868-WOZGU,0.817,105.7,1035.69,86.31
8161-QYMTT,0.916,94.1,1034.67,86.22
7526-BEZQB,0.896,96.05,1032.97,86.08
3722-WPXTK,0.974,88.35,1032.72,86.06
4273-MBHYA,0.963,89.35,1032.42,86.03
2430-USGXP,0.851,101.05,1032.25,86.02
4626-GYCZP,0.916,93.85,1031.89,85.99
9025-AOMKI,0.919,93.55,1031.79,85.98
9546-CQJSU,0.94,91.4,1031.31,85.94
3318-NMQXL,0.934,92.0,1031.15,85.93
0115-TFERT,0.772,111.2,1030.65,85.89
0655-RBDUG,0.876,98.05,1030.26,85.85
1309-BXVOQ,0.808,106.1,1029.01,85.75
7943-RQCHR,0.904,94.75,1028.13,85.68
6956-SMUCM,0.865,99.0,1027.85,85.65
2034-GDRCN,0.947,90.4,1027.11,85.59
0306-JAELE,0.89,96.1,1026.68,85.56
3473-XIIIT,0.855,100.0,1025.98,85.5
1450-GALXR,0.868,98.5,1025.62,85.47
6683-VLCTZ,0.867,98.55,1025.56,85.46
9061-TIHDA,0.895,95.25,1023.55,85.3
9172-ANCRX,0.864,98.7,1022.79,85.23
4021-RQSNY,0.865,98.5,1022.55,85.21
2982-VPSGI,0.906,94.0,1021.64,85.14
9094-AZPHK,0.85,100.15,1021.48,85.12
8313-NDOIA,0.817,104.15,1020.88,85.07
2107-FBPTK,0.817,104.1,1020.32,85.03
8111-SLLHI,0.804,105.65,1019.34,84.95
0871-URUWO,0.83,102.25,1018.88,84.91
6210-KBBPI,0.854,99.45,1018.8,84.9
6326-MTTXK,0.841,100.85,1018.06,84.84
6030-REHUX,0.765,110.85,1017.53,84.79
3643-AHCFP,0.886,95.6,1016.94,84.75
5883-GTGVD,0.847,99.95,1016.35,84.7
3320-VEOYC,0.886,95.6,1016.16,84.68
6851-WEFYX,0.838,100.8,1014.24,84.52
5380-WJKOV,0.795,106.35,1014.17,84.51
8414-MYSHR,0.924,91.4,1013.61,84.47
7392-YYPYJ,0.839,100.65,1013.51,84.46
5519-NPHVG,0.896,94.2,1013.06,84.42
5219-YIPTK,0.809,104.4,1012.91,84.41
4597-NUCQV,0.834,101.25,1012.76,84.4
4735-ASGMA,0.858,98.35,1012.73,84.39
2984-AFWNC,0.885,95.4,1012.7,84.39
8510-AWCXC,0.837,100.8,1012.1,84.34
4445-ZJNMU,0.849,99.3,1011.69,84.31
8603-IJWDN,0.974,86.6,1011.77,84.31
3793-MMFUH,0.887,95.05,1011.44,84.29
8245-UMPYT,0.874,96.4,1011.52,84.29
4695-WJZUE,0.952,88.55,1011.37,84.28
2462-XIIJB,0.911,92.5,1011.17,84.26
5293-WXJAK,0.81,104.05,1010.82,84.24
8397-MVTAZ,0.841,100.05,1009.95,84.16
2612-RANWT,0.84,100.15,1009.62,84.14
5565-FILXA,0.875,96.15,1009.11,84.09
5519-YLDGW,0.809,103.9,1009.13,84.09
7225-CBZPL,0.887,94.8,1009.01,84.08
4958-XCBDQ,0.829,101.4,1008.73,84.06
2439-LYPMQ,0.819,102.6,1008.5,84.04
1583-IHQZE,0.744,112.95,1008.26,84.02
6646-VRFOL,0.809,103.85,1007.67,83.97
6645-MXQJT,0.864,97.1,1007.04,83.92
2809-ZMYOQ,0.827,101.35,1005.74,83.81
1658-BYGOY,0.878,95.45,1005.48,83.79
4826-XTSOH,0.974,86.05,1005.32,83.78
7079-QRCBC,0.848,98.75,1004.98,83.75
4060-LDNLU,0.87,96.2,1004.73,83.73
3001-CBHLQ,0.798,104.9,1004.57,83.71
9330-IJWIO,0.834,100.35,1004.18,83.68
9611-CTWIH,0.935,89.45,1004.1,83.68
7892-POOKP,0.798,104.8,1003.99,83.67
8168-UQWWF,0.854,97.85,1002.95,83.58
4484-GLZOU,0.796,105.05,1002.92,83.58
6116-RFVHN,0.832,100.45,1002.49,83.54
6029-WTIPC,0.826,101.1,1002.12,83.51
6892-EZDTG,0.911,91.65,1001.8,83.48
3096-GKWEB,0.881,94.75,1001.68,83.47
5955-ERIHD,0.881,94.7,1001.29,83.44
9809-IMGCQ,0.863,96.7,1001.13,83.43
6215-NQCPY,0.837,99.7,1001.15,83.43
4566-NECEV,0.864,96.55,1000.58,83.38
1626-ERCMM,0.882,94.55,1000.41,83.37
1731-TVIUK,0.891,93.5,999.89,83.32
1104-TNLZA,0.787,105.8,999.21,83.27
3452-GWUIN,0.877,94.95,999.16,83.26
7029-RPUAV,0.829,100.45,998.96,83.25
5192-EBGOV,0.971,85.7,998.54,83.21
3393-FMZPV,0.83,100.25,998.4,83.2
2672-HUYVI,0.913,91.1,997.8,83.15
7969-AULMZ,0.854,97.35,997.39,83.12
1724-BQUHA,0.928,89.5,997.15,83.1
4228-ZGYUW,0.922,90.05,996.73,83.06
2754-SDJRD,0.829,100.15,996.22,83.02
7028-DVOIQ,0.838,99.05,996.27,83.02
2845-AFFTX,0.832,99.8,996.16,83.01
3801-HMYNL,0.931,89.15,995.52,82.96
7780-OTDSO,0.834,99.4,995.21,82.93
1069-XAIEM,0.974,85.05,994.29,82.86
0236-HFWSV,0.888,93.35,994.25,82.85
3001-UNBTL,0.797,103.95,994.24,82.85
1273-MTETI,0.932,88.85,994.19,82.85
9547-ITEFG,0.808,102.6,994.26,82.85
5299-RULOA,0.826,100.25,993.99,82.83
5935-FCCNB,0.879,94.2,993.49,82.79
2357-COQEK,0.801,103.3,992.9,82.74
3440-JPSCL,0.828,99.95,992.76,82.73
9282-IZGQK,0.973,85.0,992.64,82.72
1624-NALOJ,0.92,89.8,991.85,82.65
8622-ZLFKO,0.91,90.75,990.93,82.58
7056-IMHCC,0.81,101.9,990.64,82.55
7142-HVGBG,0.801,103.0,990.18,82.52
7228-OMTPN,0.933,88.45,990.24,82.52
2568-OIADY,0.829,99.5,990.03,82.5
2865-TCHJW,0.924,89.2,989.34,82.44
0939-YAPAF,0.822,100.25,989.12,82.43
0895-DQHEW,0.79,104.3,989.18,82.43
4062-HBMOS,0.8,103.05,989.14,82.43
1254-IZEYF,0.824,99.95,988.83,82.4
7668-XCFYV,0.89,92.55,988.71,82.39
6543-XRMYR,0.826,99.7,988.46,82.37
5095-AESKG,0.9,91.5,987.84,82.32
4847-TAJYI,0.921,89.35,987.73,82.31
5382-SOYZL,0.865,95.1,987.48,82.29
8357-EQXFO,0.862,95.35,986.48,82.21
5644-PDMZC,0.918,89.5,986.47,82.21
9124-LHCJQ,0.962,85.45,986.3,82.19
2990-HWIML,0.918,89.5,985.74,82.15
9851-QXEEQ,0.784,104.7,985.57,82.13
4912-PIGUY,0.97,84.6,985.15,82.1
1389-CXMLU,0.901,91.05,984.56,82.05
9919-KNPOO,0.87,94.3,984.41,82.03
4844-JJWUY,0.954,86.0,984.34,82.03
9253-QXKBE,0.868,94.45,984.1,82.01
0420-HLGXF,0.822,99.75,983.93,81.99
3186-BAXNB,0.894,91.7,983.7,81.98
1666-JXLKU,0.819,100.05,983.66,81.97
4817-VYYWS,0.818,100.2,983.48,81.96
7901-TBKJX,0.811,101.05,983.45,81.95
1028-FFNJK,0.807,101.5,983.28,81.94
4951-UKAAQ,0.921,88.95,983.32,81.94
4433-JCGCG,0.811,101.0,983.03,81.92
0325-XBFAC,0.865,94.7,983.08,81.92
4094-NSEDU,0.869,94.25,982.72,81.89
6474-FVJLC,0.952,86.0,982.69,81.89
6328-ZPBGN,0.861,95.15,982.62,81.89
5647-FXOTP,0.773,105.9,982.44,81.87
7330-WZLNC,0.901,90.8,982.07,81.84
8276-MQBYC,0.837,97.8,981.81,81.82
0337-CNPZE,0.769,106.3,980.83,81.74
0916-QOFDP,0.853,95.8,980.29,81.69
5385-SUIRI,0.784,104.2,980.16,81.68
7402-EYFXX,0.872,93.6,979.89,81.66
1866-RZZQS,0.829,98.4,979.23,81.6
2074-GKOWZ,0.911,89.55,978.92,81.58
6230-BSUXY,0.96,85.0,978.75,81.56
0946-CLJTI,0.826,98.7,978.48,81.54
8634-MPHTR,0.815,100.05,978.43,81.54
1465-VINDH,0.799,102.1,978.53,81.54
3336-JORSO,0.738,110.45,978.19,81.52
3384-CTMSF,0.783,104.1,977.98,81.5
2080-CAZNM,0.781,104.4,977.83,81.49
0722-SVSFK,0.812,100.4,977.73,81.48
9189-JWSHV,0.871,93.55,977.68,81.47
1143-NMNQJ,0.95,85.7,977.38,81.45
5698-BQJOH,0.863,94.4,977.38,81.45
5597-GLBUC,0.953,85.45,977.08,81.42
7209-JCUDS,0.858,94.9,976.87,81.41
9801-GDWGV,0.786,103.45,976.21,81.35
9360-OMDZZ,0.864,94.1,975.57,81.3
7503-ZGUZJ,0.96,84.65,975.33,81.28
6393-WRYZE,0.832,97.65,975.19,81.27
5244-IRFIH,0.86,94.5,975.25,81.27
4289-DTDKW,0.802,101.3,975.05,81.25
5590-BYNII,0.806,100.75,974.77,81.23
2371-JQHZZ,0.873,93.0,974.74,81.23
1628-BIZYP,0.955,85.0,974.05,81.17
0259-GBZSH,0.948,85.65,973.9,81.16
8087-LGYHQ,0.863,94.05,973.88,81.16
6377-WHAOX,0.764,106.15,973.67,81.14
1320-REHCS,0.733,110.75,973.73,81.14
8709-KRDVL,0.811,100.0,973.33,81.11
4446-BZKHU,0.768,105.55,972.99,81.08
2202-CUYXZ,0.955,84.85,972.88,81.07
3338-CVVEH,0.857,94.55,972.9,81.07
5277-ZLOOR,0.947,85.55,972.62,81.05
1751-NCDLI,0.82,98.85,972.43,81.04
1571-SAVHK,0.81,99.95,971.96,81.0
7120-RFMVS,0.958,84.5,971.37,80.95
4853-OITSN,0.908,89.15,971.36,80.95
8374-XGEJJ,0.801,101.0,971.0,80.92
3049-NDXFL,0.943,85.8,970.97,80.91
2645-QTLMB,0.858,94.25,970.37,80.86
8780-IXSTS,0.897,90.1,970.35,80.86
2985-FMWYF,0.865,93.5,970.26,80.86
3097-NQYSN,0.931,86.85,970.25,80.85
3318-OSATS,0.847,95.45,970.25,80.85
4039-HEUNW,0.838,96.5,970.06,80.84
5655-JSMZM,0.84,96.2,969.93,80.83
3462-BJQQA,0.899,89.75,968.07,80.67
0011-IGKFF,0.823,98.0,967.8,80.65
0396-YCHWO,0.845,95.4,967.43,80.62
2786-GCDPI,0.768,104.95,966.79,80.57
4145-UQXUQ,0.874,92.1,965.67,80.47
5138-WVKYJ,0.816,98.55,964.86,80.41
9278-VZKCD,0.737,109.1,964.78,80.4
7480-QNVZJ,0.84,95.7,964.68,80.39
5442-UTCVD,0.875,91.85,964.57,80.38
8593-WHYHV,0.942,85.3,964.51,80.38
1343-EHPYB,0.777,103.4,964.6,80.38
8818-DOPVL,0.769,104.45,964.41,80.37
2180-DXNEG,0.836,96.0,963.61,80.3
6518-LGAOV,0.765,105.0,963.51,80.29
9090-SGQXL,0.762,105.3,963.0,80.25
5923-GXUOC,0.768,104.4,962.68,80.22
2545-EBUPK,0.954,84.05,962.6,80.22
1960-UYCNN,0.842,95.25,962.48,80.21
8290-YWKHZ,0.861,93.2,962.49,80.21
5649-ANRML,0.843,95.1,962.38,80.2
9874-QLCLH,0.769,104.2,962.17,80.18
2034-CGRHZ,0.779,102.95,961.97,80.16
2378-VTKDH,0.768,104.35,961.5,80.12
6877-TJMBR,0.945,84.8,961.47,80.12
9647-ERGBE,0.8,100.05,960.71,80.06
0697-ZMSWS,0.935,85.65,960.66,80.05
6899-PPEEA,0.829,96.55,960.4,80.03
1035-IPQPU,0.773,103.5,960.06,80.0
7752-XUSCI,0.755,105.9,959.96,80.0
6907-NZZIJ,0.807,99.15,959.93,79.99
1010-DIAUQ,0.828,96.5,959.34,79.95
0434-CSFON,0.795,100.5,959.05,79.92
2665-NPTGL,0.814,98.1,958.34,79.86
7233-DRTRF,0.78,102.4,958.15,79.85
0235-KGSLC,0.933,85.55,958.06,79.84
3489-HHPFY,0.95,84.05,957.91,79.83
8938-UMKPI,0.75,106.4,958.01,79.83
2675-DHUTR,0.807,98.9,957.39,79.78
9134-CEQMF,0.891,89.5,957.27,79.77
5364-XYIRR,0.842,94.65,956.87,79.74
1723-HKXJQ,0.784,101.75,956.82,79.74
9600-NAXZN,0.786,101.4,956.24,79.69
4553-DVPZG,0.786,101.35,956.11,79.68
7295-JOMMD,0.811,98.1,954.7,79.56
3629-ZNKXA,0.781,101.8,954.68,79.56
9290-SHCMB,0.821,96.85,954.56,79.55
3565-UNOCC,0.803,99.05,954.45,79.54
0220-EBGCE,0.926,85.85,954.19,79.52
0094-OIFMO,0.837,95.0,954.08,79.51
3990-QYKBE,0.859,92.5,953.15,79.43
0187-QSXOE,0.892,89.0,952.64,79.39
2454-RPBRZ,0.809,98.1,952.18,79.35
3045-XETSH,0.836,94.85,951.74,79.31
6100-QQHEB,0.856,92.55,950.91,79.24
8443-WVPSS,0.794,99.85,950.86,79.24
4750-ZRXIU,0.936,84.6,950.63,79.22
7488-MXJIV,0.924,85.65,949.93,79.16
7714-YXSMB,0.788,100.5,949.78,79.15
5630-IXDXV,0.744,106.35,949.43,79.12
9734-YWGEX,0.805,98.3,949.46,79.12
2697-NQBPF,0.751,105.35,949.28,79.11
1567-DSCIC,0.841,94.0,948.85,79.07
0432-CAJZV,0.872,90.7,948.74,79.06
6212-ATMLK,0.826,95.7,948.59,79.05
2472-OVKUP,0.869,91.0,948.56,79.05
5091-HFAZW,0.867,91.15,948.23,79.02
8337-UPOAQ,0.88,89.8,948.06,79.01
5168-MSWXT,0.834,94.75,947.93,78.99
2832-KJCRD,0.762,103.65,947.71,78.98
6651-AZVTJ,0.791,99.8,947.72,78.98
7089-IVVAZ,0.764,103.35,947.67,78.97
1264-BYWMS,0.815,96.8,947.21,78.93
3874-EQOEP,0.831,95.0,946.86,78.91
2025-JKFWI,0.796,99.0,945.81,78.82
1469-LBJQJ,0.749,105.2,945.4,78.78
3951-NJCVI,0.829,95.05,945.08,78.76
0345-HKJVM,0.881,89.3,944.56,78.71
6710-HSJRD,0.69,114.1,944.32,78.69
0196-VULGZ,0.931,84.35,942.72,78.56
0147-ESWWR,0.776,101.25,942.68,78.56
4952-YSOGZ,0.914,85.95,942.6,78.55
4137-BTIKL,0.865,90.75,942.28,78.52
4115-NZRKS,0.881,89.15,942.13,78.51
2004-OCQXK,0.958,81.95,941.87,78.49
3663-MITLP,0.775,101.25,941.65,78.47
5980-NOPLP,0.816,96.1,941.11,78.43
4548-SDBKE,0.92,85.2,940.74,78.4
4550-VBOFE,0.761,102.95,940.03,78.34
1579-KLYDT,0.866,90.45,940.04,78.34
8937-RDTHP,0.926,84.6,939.97,78.33
7315-WYOAW,0.777,100.75,939.15,78.26
7279-BUYWN,0.691,113.2,938.98,78.25
2929-ERCFZ,0.83,94.2,938.0,78.17
1641-RQDAY,0.779,100.4,937.98,78.16
4220-TINQT,0.735,106.35,937.79,78.15
2754-VDLTR,0.821,95.2,937.77,78.15
3588-WSTTJ,0.789,99.05,937.26,78.1
0899-LIIBW,0.774,100.85,937.02,78.08
8949-JTMAY,0.791,98.6,936.34,78.03
8785-CJSHH,0.781,99.8,935.73,77.98
8266-VBFQL,0.862,90.4,935.26,77.94
2013-SGDXK,0.924,84.3,934.62,77.89
4140-MUHUG,0.897,86.85,934.4,77.87
6630-UJZMY,0.935,83.25,934.32,77.86
4236-XPXAV,0.785,99.15,934.04,77.84
0302-JOIVN,0.769,101.15,933.29,77.77
4614-NUVZD,0.958,81.1,932.75,77.73
4112-LUEIZ,0.868,89.5,932.53,77.71
9279-CJEOJ,0.814,95.4,932.39,77.7
3932-CMDTD,0.735,105.65,931.6,77.63
6457-USBER,0.961,80.8,931.33,77.61
3585-ISXZP,0.811,95.65,930.92,77.58
0480-BIXDE,0.801,96.8,930.27,77.52
4686-UXDML,0.776,99.85,929.84,77.49
8739-XNIKG,0.922,84.0,929.77,77.48
6198-RTPMF,0.836,92.6,929.39,77.45
4998-IKFSE,0.771,100.45,929.29,77.44
6599-RCLCJ,0.707,109.55,928.88,77.41
4124-MMETB,0.818,94.65,928.67,77.39
5947-SGKCL,0.734,105.35,928.52,77.38
9661-ACXBS,0.735,105.2,928.07,77.34
4803-AXVYP,0.777,99.55,927.93,77.33
6969-MVBAI,0.858,90.1,927.75,77.31
0148-DCDOS,0.816,94.7,927.47,77.29
6168-YBYNP,0.694,111.35,927.39,77.28
9601-BRXPO,0.736,104.95,927.23,77.27
5339-PXDVH,0.852,90.65,927.02,77.25
1013-QCWAM,0.766,100.8,927.04,77.25
4598-XLKNJ,0.784,98.5,927.05,77.25
0447-RXSGD,0.775,99.65,927.01,77.25
1932-UEDCX,0.768,100.6,926.92,77.24
4391-RESHN,0.742,104.05,926.81,77.23
0318-QUUOB,0.959,80.55,926.63,77.22
4423-YLHDV,0.739,104.4,926.17,77.18
3217-FZDMN,0.817,94.45,925.48,77.12
3005-NFMTA,0.78,98.8,924.71,77.06
2587-EKXTS,0.691,111.5,924.62,77.05
7439-DKZTW,0.956,80.55,924.44,77.04
2018-QKYGT,0.95,81.05,923.78,76.98
6137-NICCO,0.819,94.05,923.79,76.98
4716-HHKQH,0.719,107.05,923.65,76.97
6275-YDUVO,0.893,86.2,923.47,76.96
6986-IXNDM,0.828,92.9,923.37,76.95
6583-KQJLK,0.813,94.65,922.96,76.91
6772-KSATR,0.941,81.7,922.83,76.9
7048-GXDAY,0.723,106.4,922.5,76.88
6088-BXMRG,0.777,98.85,922.26,76.86
3727-RJMEO,0.928,82.85,922.21,76.85
9451-LPGOO,0.884,86.8,920.94,76.75
5331-RGMTT,0.775,99.05,921.02,76.75
0771-WLCLA,0.679,112.95,920.59,76.72
3312-UUMZW,0.776,98.85,920.32,76.69
9600-UDOPK,0.815,94.05,920.26,76.69
7156-MHUGY,0.847,90.5,920.27,76.69
9133-AYJZG,0.777,98.7,920.14,76.68
4077-CROMM,0.736,104.2,919.75,76.65
4971-PUYQO,0.811,94.55,919.86,76.65
2277-DJJDL,0.774,99.0,919.48,76.62
0125-LZQXK,0.756,101.35,919.33,76.61
5494-HECPR,0.955,80.25,919.27,76.61
0258-NOKBL,0.847,90.4,918.41,76.53
7779-LGOVN,0.883,86.65,918.23,76.52
0280-XJGEX,0.738,103.7,917.95,76.5
9300-RENDD,0.957,79.95,918.02,76.5
2800-QQUSO,0.762,100.3,917.64,76.47
5959-BELXA,0.795,96.15,917.65,76.47
0495-RVCBF,0.96,79.7,917.69,76.47
0324-BRPCJ,0.763,100.2,917.16,76.43
8535-SFUTN,0.718,106.45,916.62,76.39
9971-ZWPBF,0.701,108.9,916.5,76.37
5275-SQEIZ,0.945,80.85,916.46,76.37
3597-MVHJT,0.799,95.6,916.18,76.35
1195-OIYEJ,0.838,91.1,916.26,76.35
0114-PEGZZ,0.71,107.55,916.22,76.35
2360-RDGRO,0.732,104.25,915.95,76.33
2868-MZAGQ,0.962,79.25,914.56,76.21
5515-AKOAJ,0.761,100.1,914.13,76.18
8800-ZKRFW,0.709,107.5,914.14,76.18
5229-PRWKT,0.88,86.55,913.94,76.16
2840-XANRC,0.818,93.15,913.84,76.15
1761-AEZZR,0.957,79.55,913.74,76.14
9129-UXERG,0.735,103.6,913.52,76.13
7903-CMPEY,0.948,80.3,913.33,76.11
3211-AAPKX,0.772,98.55,913.36,76.11
2514-GINMM,0.957,79.5,913.2,76.1
8058-INTPH,0.955,79.65,912.89,76.07
9741-YLNTD,0.864,87.95,912.17,76.01
4813-HQMGZ,0.842,90.25,912.0,76.0
5348-CAGXB,0.849,89.55,911.95,76.0
8610-WFCJF,0.794,95.6,911.33,75.94
9402-ORRAH,0.83,91.5,911.27,75.94
2027-WKXMW,0.698,108.75,910.75,75.9
3545-CNWRG,0.772,98.35,910.59,75.88
8580-AECUZ,0.959,79.1,910.5,75.87
2867-UIMSS,0.942,80.5,909.79,75.82
6567-HOOPW,0.957,79.2,909.75,75.81
8972-HJWNV,0.896,84.55,909.44,75.79
3198-VELRD,0.894,84.75,909.34,75.78
9851-KIELU,0.688,110.1,908.8,75.73
5960-WPXQM,0.958,79.05,908.38,75.7
3791-LGQCY,0.752,100.65,908.37,75.7
4395-PZMSN,0.885,85.55,908.32,75.69
1173-XZPYF,0.849,89.2,908.27,75.69
8784-CGILN,0.758,99.85,907.96,75.66
0742-NXBGR,0.919,82.3,907.69,75.64
5055-MGMGF,0.72,105.05,907.42,75.62
8740-CRYFY,0.958,78.95,907.31,75.61
1925-TIBLE,0.874,86.5,907.08,75.59
3768-NLUBH,0.751,100.6,906.31,75.53
2249-YPRNG,0.713,105.85,906.11,75.51
5569-OUICF,0.745,101.3,906.11,75.51
7493-TPUWZ,0.953,79.15,905.04,75.42
4009-ALQFH,0.758,99.5,904.98,75.41
0576-WNXXC,0.789,95.55,904.74,75.4
5536-RTPWK,0.761,99.05,904.81,75.4
8382-SHQEH,0.888,84.9,904.43,75.37
9878-TNQGW,0.931,80.95,904.16,75.35
2642-DTVCO,0.886,85.05,903.97,75.33
3398-FSHON,0.825,91.3,903.86,75.32
0195-IESCP,0.883,85.25,903.79,75.32
7594-RQHXR,0.946,79.6,903.71,75.31
1285-OKIPP,0.942,79.9,903.63,75.3
2038-LLMLM,0.725,103.85,903.38,75.28
8468-EHYJA,0.755,99.65,903.01,75.25
6900-PXRMS,0.711,105.75,902.89,75.24
1548-FEHVL,0.708,106.2,902.68,75.22
5318-IXUZF,0.863,87.15,902.53,75.21
5429-LWCMV,0.843,89.15,902.31,75.19
3352-ALMCK,0.732,102.65,902.16,75.18
8429-XIBUM,0.742,101.35,901.84,75.15
2067-QYTCF,0.676,111.15,901.82,75.15
8035-PWSEV,0.842,89.25,901.55,75.13
5119-KEPFY,0.79,95.0,900.68,75.06
6979-ZNSFF,0.862,87.05,900.57,75.05
5393-RXQSZ,0.943,79.6,900.55,75.05
3174-RKMOW,0.682,109.95,900.44,75.04
5383-MMTWC,0.893,84.0,899.92,74.99
1771-OADNZ,0.781,95.9,899.21,74.93
7314-OXENN,0.913,82.0,898.65,74.89
0654-HMSHN,0.717,104.4,898.47,74.87
5868-YWPDW,0.889,84.2,898.26,74.86
2205-YMZZJ,0.883,84.8,898.37,74.86
7748-UMTRK,0.739,101.3,898.14,74.85
2824-MYYBN,0.786,95.25,898.09,74.84
4123-DVHPH,0.85,88.05,898.09,74.84
6402-ZFPPI,0.728,102.8,898.06,74.84
3005-TYFRD,0.722,103.65,897.83,74.82
0093-XWZFY,0.716,104.5,897.41,74.78
2603-HVKCG,0.737,101.4,897.24,74.77
8086-OVPWV,0.932,80.2,897.1,74.76
8118-TJAFG,0.736,101.5,896.51,74.71
6015-VVHHE,0.898,83.15,896.37,74.7
9965-YOKZB,0.89,83.85,895.67,74.64
5919-TMRGD,0.941,79.35,895.56,74.63
6618-RYATB,0.938,79.55,895.33,74.61
8058-JMEQO,0.883,84.45,894.85,74.57
8481-YYXWG,0.835,89.35,894.83,74.57
0137-OCGAB,0.93,80.2,894.81,74.57
1833-TCXKK,0.692,107.75,894.61,74.55
7858-GTZSP,0.861,86.55,894.5,74.54
6507-ZJSUR,0.824,90.45,894.44,74.54
9507-EXLTT,0.939,79.35,894.39,74.53
2615-YVMYX,0.693,107.5,893.96,74.5
7249-WBIYX,0.87,85.6,893.51,74.46
3571-RFHAR,0.682,109.15,893.51,74.46
9912-GVSEQ,0.793,93.85,893.23,74.44
5609-CEBID,0.791,94.1,893.05,74.42
0139-IVFJG,0.824,90.35,892.85,74.4
9019-QVLZD,0.934,79.55,891.35,74.28
2952-QAYZF,0.871,85.3,891.29,74.27
4713-LZDRV,0.933,79.6,891.09,74.26
2215-ZAFGX,0.869,85.5,891.09,74.26
7760-OYPDY,0.92,80.65,890.63,74.22
9689-PTNPG,0.924,80.25,890.27,74.19
6101-IMRMM,0.785,94.5,890.33,74.19
1448-PWKYE,0.927,80.0,890.29,74.19
2657-VPXTA,0.835,88.85,890.14,74.18
6771-XWBDM,0.71,104.5,890.19,74.18
7005-CCBKV,0.879,84.4,890.09,74.17
2691-NZETQ,0.869,85.35,889.6,74.13
3269-ATYWD,0.775,95.65,889.53,74.13
0402-CQAJN,0.727,101.9,889.21,74.1
8016-NCFVO,0.635,116.5,888.16,74.01
5981-ITEMU,0.762,97.1,888.02,74.0
4234-XTNEA,0.925,79.95,887.73,73.98
5937-EORGB,0.766,96.5,887.18,73.93
6372-RFVNS,0.938,78.8,886.95,73.91
4529-CKBCL,0.921,80.2,886.53,73.88
8017-LXHFA,0.78,94.75,886.53,73.88
8708-XPXHZ,0.784,94.2,886.5,73.87
6988-CJEYV,0.748,98.7,886.47,73.87
6087-MVHJH,0.835,88.45,886.36,73.86
6661-HBGWL,0.705,104.75,885.8,73.82
8242-SOQUO,0.871,84.7,884.81,73.73
2254-DLXRI,0.931,79.15,884.37,73.7
2789-HQBOU,0.917,80.35,884.45,73.7
8821-XNHVZ,0.92,80.05,884.15,73.68
0886-QGENL,0.728,101.25,884.18,73.68
2609-IAICY,0.955,77.15,884.07,73.67
5144-TVGLP,0.777,94.75,883.98,73.67
3138-BKYAV,0.862,85.35,883.05,73.59
9846-GKXAS,0.81,90.8,883.05,73.59
7479-NITWS,0.823,89.35,882.85,73.57
8931-GJJIQ,0.883,83.3,882.74,73.56
7952-OBOYL,0.819,89.85,882.72,73.56
9885-CSMWE,0.938,78.45,882.62,73.55
1981-INRFU,0.922,79.75,882.56,73.55
6407-UTSLV,0.878,83.8,882.53,73.54
2038-OEQZH,0.854,86.05,881.61,73.47
7394-FKDNK,0.821,89.45,881.45,73.45
6712-OAWRH,0.805,91.25,881.19,73.43
5130-IEKQT,0.693,105.95,880.9,73.41
4385-GZQXV,0.777,94.45,880.48,73.37
2379-ENZGV,0.865,84.85,880.3,73.36
4086-YQSNZ,0.912,80.4,880.11,73.34
6086-ESGRL,0.915,80.15,880.02,73.33
9248-OJYKK,0.959,76.45,879.95,73.33
8384-FZBJK,0.729,100.6,879.66,73.31
4840-ORQXB,0.7,104.75,879.62,73.3
0674-DGMAQ,0.784,93.5,879.47,73.29
4128-ETESU,0.734,99.7,878.58,73.22
0334-GDDSO,0.9,81.35,878.65,73.22
6502-HCJTI,0.773,94.7,878.28,73.19
7207-RMRDB,0.694,105.5,877.98,73.17
6467-CHFZW,0.736,99.35,877.9,73.16
9185-TQCVP,0.859,85.15,877.66,73.14
1323-OOEPC,0.743,98.4,877.26,73.1
8063-RJYNF,0.775,94.25,876.83,73.07
2777-PHDEI,0.936,78.05,876.24,73.02
4633-MKHYU,0.825,88.4,875.6,72.97
6161-UUUTA,0.913,79.9,875.52,72.96
3422-GALYP,0.918,79.45,875.39,72.95
6559-PDZLR,0.74,98.65,875.43,72.95
4873-ILOLJ,0.807,90.35,875.32,72.94
2876-GZYZC,0.848,85.95,875.12,72.93
0772-GYEQQ,0.825,88.35,875.15,72.93
1482-OXZSY,0.726,100.4,874.97,72.91
1304-NECVQ,0.928,78.55,874.67,72.89
4902-OHLSK,0.738,98.65,873.57,72.8
7613-LLQFO,0.862,84.45,873.6,72.8
6357-JJPQT,0.904,80.5,873.19,72.77
6894-LFHLY,0.96,75.75,872.39,72.7
2612-RRIDN,0.897,81.0,871.78,72.65
4806-KEXQR,0.909,79.9,871.75,72.65
2959-MJHIC,0.903,80.35,870.97,72.58
3838-OZURD,0.691,105.0,870.75,72.56
7508-MYBOG,0.843,86.1,870.61,72.55
0225-ZORZP,0.86,84.3,870.42,72.54
8945-GRKHX,0.922,78.65,870.2,72.52
5449-FIBXJ,0.701,103.3,869.14,72.43
0397-GZBBC,0.772,93.85,869.01,72.42
7994-UYIVZ,0.845,85.65,868.78,72.4
4988-IQIGL,0.96,75.35,868.05,72.34
3834-XUIFC,0.849,85.2,868.0,72.33
7422-WNBTY,0.775,93.35,867.9,72.33
3427-GGZZI,0.812,89.1,867.66,72.3
5834-ASPWA,0.958,75.45,867.66,72.3
7426-RHZGU,0.754,95.9,867.47,72.29
5899-OUVKV,0.765,94.5,867.29,72.27
9957-YODKZ,0.894,80.8,867.23,72.27
8183-ONMXC,0.895,80.75,867.07,72.26
3761-FLYZI,0.664,108.8,867.04,72.25
9787-XVQIU,0.958,75.3,866.04,72.17
8621-MNIHH,0.766,94.25,865.9,72.16
2737-YNGYW,0.896,80.55,865.69,72.14
1212-GLHMD,0.838,86.05,865.7,72.14
5889-LFOLL,0.853,84.6,865.47,72.12
6032-KRXXO,0.799,90.25,865.31,72.11
9317-WZPGV,0.904,79.75,865.18,72.1
2452-KDRRH,0.711,101.4,865.19,72.1
7881-INRLC,0.714,100.85,864.52,72.04
5649-RXQTV,0.727,99.0,864.08,72.01
1678-FYZOW,0.907,79.4,864.01,72.0
1452-VOQCH,0.959,75.1,863.88,71.99
7599-FKVXZ,0.678,106.15,863.8,71.98
5366-IJEQJ,0.811,88.7,863.69,71.97
9692-TUSXH,0.749,96.05,863.39,71.95
6432-TWQLB,0.842,85.4,863.11,71.93
6242-MBHPK,0.756,95.1,862.64,71.89
6941-PMGEP,0.898,80.0,862.28,71.86
5502-RLUYV,0.691,103.95,862.2,71.85
1157-BQCUW,0.959,74.95,862.26,71.85
8816-VXNZD,0.957,75.1,862.12,71.84
3372-KWFBM,0.829,86.6,862.01,71.83
8378-LKJAF,0.71,101.15,861.94,71.83
9190-MFJLN,0.749,95.9,861.82,71.82
6358-LYNGM,0.959,74.9,861.72,71.81
4143-OOBWZ,0.883,81.3,861.67,71.81
0310-MVLET,0.724,99.15,861.65,71.8
4210-QFJMF,0.907,79.15,861.5,71.79
7563-BIUPC,0.891,80.6,861.48,71.79
5842-POCOP,0.807,88.9,861.33,71.78
5240-IJOQT,0.961,74.7,861.01,71.75
6833-JMZYP,0.763,94.0,860.97,71.75
4647-MUZON,0.748,95.95,861.04,71.75
3106-ULWFW,0.842,85.2,860.9,71.74
3003-CMDUU,0.754,95.15,860.64,71.72
8714-CTZJW,0.866,82.85,860.52,71.71
3247-ZVOUO,0.838,85.55,860.3,71.69
9837-BMCLM,0.913,78.5,859.94,71.66
5183-SNMJQ,0.754,95.1,859.94,71.66
9897-KXHCM,0.892,80.3,859.61,71.63
4102-OQUPX,0.963,74.4,859.58,71.63
1608-GMEWB,0.762,93.9,859.17,71.6
2040-VZIKE,0.71,100.85,858.79,71.57
0723-DRCLG,0.961,74.45,858.55,71.55
8922-LIEGH,0.797,89.7,858.41,71.53
4795-KTRTH,0.883,81.0,858.24,71.52
7074-IEVOJ,0.901,79.4,858.06,71.5
3551-HUAZH,0.961,74.4,857.75,71.48
2057-ZBLPD,0.826,86.5,857.6,71.47
3757-NJYBX,0.672,106.35,857.36,71.45
6060-DRTNL,0.841,84.85,856.65,71.39
2208-UGTGR,0.724,98.6,856.35,71.36
5357-TZHPP,0.846,84.4,856.34,71.36
5685-IIXLY,0.853,83.6,856.21,71.35
4415-IJZTP,0.957,74.5,855.67,71.31
3254-YRILK,0.808,88.2,854.69,71.22
5561-NWEVX,0.899,79.2,854.13,71.18
1564-NTYXF,0.868,82.0,854.11,71.18
1833-VGRUM,0.959,74.2,853.93,71.16
9992-RRAMN,0.836,85.1,853.78,71.15
1200-TUZHR,0.835,85.2,853.72,71.14
3096-JRDSO,0.682,104.3,853.57,71.13
8943-URTMR,0.893,79.65,853.3,71.11
9231-ZJYAM,0.902,78.85,853.2,71.1
6229-LSCKB,0.892,79.7,853.03,71.09
3640-PHQXK,0.791,89.9,853.02,71.09
9961-JBNMK,0.734,96.8,852.56,71.05
6960-HVYXR,0.935,76.0,852.51,71.04
0378-TOVMS,0.828,85.8,852.03,71.0
3191-CSNMG,0.88,80.7,851.92,70.99
0637-KVDLV,0.928,76.5,851.8,70.98
0177-PXBAT,0.646,109.9,851.79,70.98
3331-HQDTW,0.646,109.8,851.49,70.96
8752-STIVR,0.898,79.0,850.97,70.91
4523-WXCEF,0.701,101.1,850.74,70.9
4176-FXYBO,0.647,109.55,850.5,70.88
2845-HSJCY,0.812,87.25,850.55,70.88
6127-ISGTU,0.834,84.95,850.3,70.86
6513-EECDB,0.963,73.55,850.29,70.86
8059-UDZFY,0.672,105.35,849.94,70.83
8473-VUVJN,0.961,73.65,849.59,70.8
2474-BRUCM,0.695,101.85,849.48,70.79
0952-KMEEH,0.721,98.15,849.12,70.76
6435-SRWBJ,0.855,82.75,849.07,70.76
6394-MFYNG,0.658,107.4,848.14,70.68
0168-XZKBB,0.814,86.85,847.89,70.66
7180-PISOG,0.948,74.5,847.68,70.64
0013-EXCHZ,0.842,83.9,847.38,70.61
6595-YGXIT,0.794,88.95,847.22,70.6
0923-PNFUB,0.843,83.75,847.02,70.59
8739-WWKDU,0.789,89.5,847.05,70.59
8132-YPVBX,0.821,85.95,846.98,70.58
7198-GLXTC,0.893,79.0,846.82,70.57
4514-GFCFI,0.833,84.75,846.75,70.56
3804-RVTGV,0.679,103.85,846.09,70.51
3276-HDUEG,0.939,75.05,845.98,70.5
8258-GSTJK,0.915,77.0,845.81,70.48
3916-NRPAP,0.822,85.7,845.72,70.48
5439-WIKXB,0.745,94.55,845.71,70.48
3746-EUBYR,0.944,74.6,845.19,70.43
3647-GMGDH,0.743,94.7,844.88,70.41
8182-BJDSI,0.782,89.95,844.63,70.39
6365-MTGZX,0.733,96.0,844.58,70.38
3908-BLSYF,0.839,83.9,844.2,70.35
6319-IEJWJ,0.78,90.2,843.86,70.32
8372-JUXUI,0.946,74.35,843.6,70.3
4822-YCXMX,0.829,84.8,843.45,70.29
4706-AXVKM,0.829,84.8,843.31,70.28
1618-CFHME,0.926,75.9,843.0,70.25
4285-GYRQC,0.814,86.25,842.74,70.23
8861-HGGKB,0.812,86.45,842.81,70.23
5628-FCGYG,0.835,84.1,842.77,70.23
9436-ZBZCT,0.781,89.95,842.58,70.22
8775-ERLNB,0.945,74.3,842.45,70.2
5117-IFGPS,0.833,84.3,842.34,70.2
5835-BEQEU,0.912,76.95,842.24,70.19
1569-TTNYJ,0.891,78.75,842.11,70.18
4947-DSMXK,0.718,97.7,841.99,70.17
2982-IHMFT,0.942,74.45,841.89,70.16
6821-BUXUX,0.726,96.65,841.59,70.13
1194-HVAIF,0.738,95.0,841.39,70.12
6481-ESCNL,0.697,100.55,841.27,70.11
3707-GNWHM,0.943,74.25,840.11,70.01
8063-GBATB,0.821,85.25,839.93,69.99
7817-BOQPW,0.926,75.55,839.88,69.99
0348-SDKOL,0.685,102.1,839.37,69.95
8875-AKBYH,0.829,84.35,839.34,69.95
5196-SGOAK,0.924,75.7,839.27,69.94
9763-PDTKK,0.741,94.4,839.15,69.93
1550-EENBN,0.67,104.35,839.17,69.93
2519-FAKOD,0.704,99.25,838.94,69.91
9524-EGPJC,0.776,90.1,838.55,69.88
6996-KNSML,0.933,74.9,838.45,69.87
3223-WZWJM,0.832,83.95,838.29,69.86
9565-DJPIB,0.779,89.6,837.64,69.8
9168-INPSZ,0.67,104.15,837.52,69.79
6331-EWIEB,0.819,85.25,837.45,69.79
0848-ZGQIJ,0.737,94.65,837.37,69.78
9606-PBKBQ,0.821,85.0,837.42,69.78
7576-OYWBN,0.917,76.05,837.27,69.77
2114-MGINA,0.777,89.8,836.99,69.75
5889-JTMUL,0.734,95.05,836.73,69.73
7831-QGOXH,0.818,85.2,836.6,69.72
1342-JPNKI,0.81,86.05,836.65,69.72
3420-YJLQT,0.876,79.55,836.14,69.68
3904-UKFRE,0.87,80.1,836.09,69.67
1251-STYSZ,0.868,80.25,836.03,69.67
2135-DQWAQ,0.817,85.3,835.95,69.66
4238-JSSWH,0.682,102.05,835.72,69.64
0082-OQIQY,0.739,94.2,835.59,69.63
6173-GOLSU,0.736,94.65,835.62,69.63
7240-FQLHE,0.697,99.75,834.84,69.57
0637-YLETY,0.727,95.6,834.08,69.51
5216-WASFJ,0.819,84.85,834.03,69.5
1766-GKNMI,0.819,84.9,834.03,69.5
3932-IJWDZ,0.671,103.65,834.05,69.5
9710-ZUSHQ,0.651,106.75,833.85,69.49
0231-LXVAP,0.915,75.9,833.44,69.45
6005-OBZPH,0.779,89.15,833.23,69.44
3519-ZKXGG,0.916,75.85,833.33,69.44
0963-ZBDRN,0.722,96.2,833.17,69.43
0524-IAVZO,0.817,85.0,832.99,69.42
9050-QLROH,0.765,90.7,832.84,69.4
9058-MJLZC,0.733,94.6,832.45,69.37
4659-NZRUF,0.729,95.15,831.82,69.32
2123-AGEEN,0.822,84.35,831.66,69.31
0611-DFXKO,0.778,89.0,831.44,69.29
0093-EXYQL,0.757,91.55,831.34,69.28
6786-OBWQR,0.857,80.85,831.11,69.26
0021-IKXGC,0.961,72.1,831.15,69.26
8519-IMDHU,0.809,85.6,831.0,69.25
8844-TONUD,0.717,96.65,831.06,69.25
6267-DCFFZ,0.769,90.05,830.87,69.24
0793-TWELN,0.864,80.15,830.89,69.24
9444-JTXHZ,0.909,76.2,830.75,69.23
4983-CLMLV,0.674,102.7,830.74,69.23
8393-DLHGA,0.722,95.9,830.65,69.22
4439-JMPMT,0.807,85.75,830.42,69.2
5692-ICXLW,0.763,90.7,830.34,69.2
3753-TSEMP,0.785,88.15,830.36,69.2
4919-IKATY,0.819,84.5,830.16,69.18
2685-SREOM,0.776,89.1,829.98,69.17
3765-JXVKY,0.925,74.7,829.42,69.12
9714-EDSUC,0.728,94.9,829.35,69.11
7928-VJYAB,0.763,90.6,829.19,69.1
6110-OHIHY,0.872,79.25,829.07,69.09
9659-QEQSY,0.597,115.65,828.97,69.08
4274-OWWYO,0.929,74.35,828.84,69.07
4581-SSPWD,0.911,75.8,828.77,69.06
3934-HXCFZ,0.696,99.25,828.37,69.03
3296-SILRA,0.903,76.4,827.44,68.95
4325-NFSKC,0.761,90.6,827.25,68.94
7783-YKGDV,0.692,99.7,827.33,68.94
1754-GKYPY,0.768,89.75,827.18,68.93
0495-ZBNGW,0.863,79.9,827.21,68.93
0701-RFGFI,0.722,95.4,827.06,68.92
9050-IKDZA,0.845,81.5,826.76,68.9
6847-KJLTS,0.686,100.4,826.74,68.89
9172-JITSM,0.758,90.8,826.34,68.86
8443-ZRDBZ,0.905,76.05,826.2,68.85
0876-WDUUZ,0.806,85.4,826.1,68.84
1320-HTRDR,0.912,75.5,825.89,68.82
5129-JLPIS,0.652,105.5,825.61,68.8
1597-LHYNC,0.724,95.0,825.15,68.76
3703-VAVCL,0.764,90.0,825.07,68.76
0023-XUOPT,0.73,94.1,824.56,68.71
4521-YEEHE,0.773,88.85,824.25,68.69
5480-TBGPH,0.692,99.3,824.06,68.67
6910-HADCM,0.899,76.35,823.9,68.66
2792-LSHWX,0.823,83.4,823.26,68.61
7181-OQCUT,0.661,103.85,823.34,68.61
2082-OJVTK,0.769,89.2,823.22,68.6
2018-PZKMU,0.665,103.1,823.08,68.59
3167-SNQPL,0.678,101.15,823.04,68.59
0135-NMXAP,0.764,89.75,822.71,68.56
3644-QXEHN,0.707,97.0,822.41,68.53
8800-JOOCF,0.815,84.05,822.05,68.5
2692-BUCFV,0.675,101.45,821.76,68.48
3672-YITQD,0.814,84.1,821.6,68.47
4090-KPJIP,0.913,74.95,820.96,68.41
5564-NEMQO,0.908,75.3,820.14,68.34
5712-PTIWW,0.855,79.85,819.7,68.31
9696-RMYBA,0.853,80.1,819.69,68.31
7693-LCKZL,0.852,80.15,819.71,68.31
8212-DJRCH,0.756,90.35,819.63,68.3
7825-ECJRF,0.641,106.6,819.59,68.3
0404-SWRVG,0.918,74.4,819.52,68.29
1268-ASBGA,0.8,85.35,819.2,68.27
9102-IAYHT,0.799,85.45,819.28,68.27
4749-OJKQU,0.902,75.65,818.86,68.24
2883-ILGWO,0.65,104.9,818.18,68.18
4884-ZTHVF,0.783,87.1,818.1,68.17
7341-LXCAF,0.913,74.65,818.1,68.17
5054-IEXZT,0.905,75.35,817.89,68.16
8903-WMRNW,0.67,101.75,817.87,68.16
9095-HFAFX,0.841,81.0,817.6,68.13
1379-FRVEB,0.749,91.0,817.45,68.12
9898-KZQDZ,0.72,94.55,817.22,68.1
2874-YXVVA,0.648,105.1,817.0,68.08
2516-VQRRV,0.902,75.45,816.82,68.07
6689-TCZHQ,0.862,78.95,816.88,68.07
9658-WYUFB,0.721,94.4,816.74,68.06
5043-TRZWM,0.901,75.55,816.55,68.05
2868-SNELZ,0.844,80.6,816.62,68.05
9408-HRXRK,0.647,105.15,816.42,68.04
2632-UCGVD,0.68,100.05,816.4,68.03
0722-TROQR,0.908,74.9,815.93,67.99
1302-UHBDD,0.756,89.95,815.93,67.99
0376-OIWME,0.726,93.6,815.78,67.98
9079-YEXQJ,0.612,111.1,815.61,67.97
3524-WQDSG,0.684,99.3,815.65,67.97
6923-JHPMP,0.845,80.45,815.47,67.96
8185-UPYBR,0.9,75.5,815.33,67.94
7235-NXZCP,0.908,74.85,815.26,67.94
5339-TJFEK,0.644,105.5,815.06,67.92
1977-STDKI,0.93,73.0,814.97,67.91
9306-CPCBC,0.914,74.25,814.72,67.89
5666-CYCYZ,0.758,89.55,814.62,67.89
9940-RHLFB,0.901,75.3,814.25,67.85
5482-VXSXJ,0.728,93.2,813.78,67.81
7774-OJSXI,0.655,103.45,813.7,67.81
9415-DPEWS,0.767,88.35,813.32,67.78
9840-DVNDC,0.842,80.5,813.18,67.77
0219-YTZUE,0.799,84.8,812.97,67.75
1112-CUNAO,0.754,89.85,813.05,67.75
9399-APLBT,0.906,74.7,812.43,67.7
2024-BASKD,0.907,74.6,812.33,67.69
7821-DPRQE,0.628,107.7,811.9,67.66
1197-BVMVG,0.909,74.45,811.79,67.65
5857-TYBCJ,0.758,89.2,811.4,67.62
8058-DMYRU,0.751,90.05,811.2,67.6
8083-YTZES,0.909,74.35,811.11,67.59
2674-MIAHT,0.842,80.3,811.08,67.59
9054-FOWNV,0.761,88.75,810.94,67.58
9314-IJWSQ,0.797,84.8,810.79,67.57
4290-BSXUX,0.848,79.65,810.69,67.56
0362-ZBZWJ,0.795,84.9,810.43,67.54
1587-FKLZB,0.678,99.5,809.85,67.49
2362-IBOOY,0.796,84.75,809.47,67.46
5956-VKDTT,0.907,74.35,809.31,67.44
8818-XYFCQ,0.677,99.55,809.03,67.42
1728-CXQBE,0.715,94.25,808.97,67.41
7595-EUIVN,0.889,75.8,808.66,67.39
4690-PKDQG,0.705,95.55,808.69,67.39
5940-NFXKV,0.806,83.65,808.7,67.39
6522-YRBXD,0.713,94.55,808.57,67.38
7137-RYLPP,0.786,85.7,808.45,67.37
6856-RAURS,0.9,74.9,808.47,67.37
7537-CBQUZ,0.616,109.4,808.19,67.35
9121-PHQSR,0.792,85.05,808.13,67.34
6000-APYLU,0.833,80.8,808.0,67.33
1427-VERSM,0.682,98.7,807.7,67.31
6400-BWQKW,0.851,79.05,807.3,67.27
1891-UAWWU,0.741,90.8,807.0,67.25
8808-ELEHO,0.827,81.25,806.75,67.23
9391-EOYLI,0.836,80.45,806.78,67.23
8644-XLFBW,0.938,71.65,806.74,67.23
5159-YFPKQ,0.887,75.8,806.67,67.22
5445-UTODQ,0.829,81.1,806.63,67.22
6918-UMQCG,0.838,80.2,806.64,67.22
4369-HTUIF,0.789,85.15,806.64,67.22
2688-BHGOG,0.845,79.55,806.21,67.18
6376-GAHQE,0.863,77.85,806.18,67.18
4229-CZMLL,0.897,74.9,806.17,67.18
2880-FPNAE,0.904,74.2,805.11,67.09
3550-SAHFP,0.805,83.35,804.94,67.08
0817-HSUSE,0.888,75.5,804.64,67.05
7363-QTBIW,0.84,79.75,803.91,66.99
7130-YXBRO,0.601,111.45,803.77,66.98
9052-VKDUW,0.612,109.4,803.42,66.95
7529-ZDFXI,0.745,89.85,803.33,66.94
0376-YMCJC,0.738,90.6,802.85,66.9
2026-TGDHM,0.843,79.3,802.34,66.86
5729-KLZAR,0.827,80.85,802.24,66.85
3071-VBYPO,0.744,89.85,801.76,66.81
8417-FMLZI,0.8,83.55,801.76,66.81
3771-PZOBW,0.737,90.7,801.64,66.8
8225-BTJAU,0.841,79.25,800.23,66.69
3878-AVSOQ,0.936,71.25,800.22,66.68
8677-HDZEE,0.632,105.45,799.95,66.66
7270-BDIOA,0.741,90.0,799.85,66.65
8734-DKSTZ,0.775,85.95,799.71,66.64
0422-UXFAP,0.674,98.85,799.7,66.64
8999-BOHSE,0.743,89.7,799.61,66.63
9488-HGMJH,0.936,71.15,799.19,66.6
9894-EZEWG,0.896,74.3,799.16,66.6
9927-DSWDF,0.636,104.6,798.89,66.57
3692-JHONH,0.625,106.5,798.68,66.56
3249-ZPQRG,0.848,78.45,798.08,66.51
3853-LYGAM,0.695,95.65,798.13,66.51
7517-LDMPS,0.786,84.6,797.45,66.45
5570-PTWEH,0.884,75.15,797.25,66.44
2504-DSHIH,0.765,86.8,796.93,66.41
6221-AVQYL,0.906,73.25,796.77,66.4
9866-QEVEE,0.772,86.0,796.56,66.38
6583-QGCSI,0.754,88.05,796.46,66.37
0133-BMFZO,0.769,86.25,796.39,66.37
9093-FPDLG,0.704,94.2,795.71,66.31
9840-EFJQB,0.892,74.35,795.68,66.31
2860-RANUS,0.773,85.8,795.59,66.3
1980-KXVPM,0.883,75.05,795.62,66.3
1363-TXLSL,0.943,70.3,795.43,66.29
2347-WKKAE,0.702,94.4,794.96,66.25
2674-MLXMN,0.665,99.65,795.0,66.25
3295-YVUSR,0.913,72.6,795.06,66.25
2761-OCIAX,0.887,74.7,795.06,66.25
3370-HXOPH,0.871,76.1,795.05,66.25
4658-HCOHW,0.644,102.8,794.96,66.25
1513-XNPPH,0.741,89.4,794.86,66.24
0872-NXJYS,0.832,79.55,794.69,66.22
4010-YLMVT,0.621,106.6,794.56,66.21
6424-ELEYH,0.885,74.75,794.22,66.19
2506-CLAKW,0.674,98.15,794.18,66.18
0363-QJVFX,0.612,108.15,793.86,66.16
1031-IIDEO,0.934,70.85,793.97,66.16
8051-HJRLT,0.937,70.55,793.05,66.09
3714-NTNFO,0.782,84.5,793.02,66.08
1704-NRWYE,0.817,80.85,792.8,66.07
1184-PJVDB,0.826,79.95,792.68,66.06
0311-UNPFF,0.744,88.8,792.7,66.06
6352-TWCAU,0.764,86.45,792.63,66.05
0407-BDJKB,0.69,95.75,792.34,66.03
3797-FKOGQ,0.766,86.2,792.39,66.03
2424-WVHPL,0.884,74.7,792.23,66.02
2276-YDAVZ,0.879,75.1,792.25,66.02
5288-AHOUP,0.841,78.5,791.97,66.0
6437-UKHMV,0.827,79.7,791.37,65.95
4770-UEZOX,0.882,74.75,791.4,65.95
5376-DEQCP,0.934,70.6,791.43,65.95
7465-ZZRVX,0.937,70.35,791.31,65.94
1746-TGTWV,0.875,75.35,791.11,65.93
9367-WXLCH,0.78,84.5,790.97,65.91
8361-LTMKD,0.886,74.4,790.92,65.91
2446-PLQVO,0.937,70.3,790.8,65.9
2468-SJFLM,0.886,74.3,790.27,65.86
9603-OAIHC,0.94,70.05,790.24,65.85
7321-PKUYW,0.73,90.15,789.9,65.83
9274-CNFMO,0.878,74.95,789.7,65.81
9605-WGJVW,0.937,70.2,789.46,65.79
5569-KGJHX,0.771,85.35,789.48,65.79
6692-UDPJC,0.718,91.65,789.49,65.79
1894-IGFSG,0.737,89.25,789.42,65.79
5118-MUEYH,0.626,105.1,789.13,65.76
9850-OWRHQ,0.887,74.1,789.0,65.75
1846-XWOQN,0.937,70.15,788.95,65.75
0925-VYDLG,0.873,75.25,788.48,65.71
6653-CBBOM,0.935,70.3,788.37,65.7
3494-JCHRQ,0.938,70.05,788.23,65.69
8123-QBNAZ,0.629,104.5,788.25,65.69
4583-PARNH,0.717,91.55,788.01,65.67
8019-ENHXU,0.66,99.45,787.98,65.66
1640-PLFMP,0.935,70.25,787.86,65.66
3244-DCJWY,0.935,70.25,787.86,65.66
8714-EUHJO,0.72,91.15,787.74,65.64
2495-KZNFB,0.724,90.65,787.41,65.62
0129-KPTWJ,0.693,94.65,787.47,65.62
1656-DRSMG,0.597,109.85,787.2,65.6
7823-JSOAG,0.88,74.5,787.08,65.59
5539-TMZLF,0.94,69.75,787.14,65.59
8000-REIQB,0.937,69.95,786.89,65.57
8380-PEFPE,0.915,71.65,786.77,65.56
1357-BIJKI,0.667,98.25,786.68,65.56
5875-YPQFJ,0.938,69.9,786.68,65.56
5542-TBBWB,0.938,69.9,786.68,65.56
9804-ICWBG,0.938,69.9,786.68,65.56
5934-RMPOV,0.773,84.75,786.46,65.54
4636-QRJKY,0.814,80.5,786.45,65.54
0328-GRPMV,0.935,70.1,786.33,65.53
4702-IOQDC,0.935,70.1,786.33,65.53
7638-QVMVY,0.829,79.0,786.36,65.53
4603-JANFB,0.938,69.85,786.17,65.51
8062-YBDOE,0.941,69.65,786.1,65.51
7011-CVEUC,0.684,95.7,785.91,65.49
5550-VFRLC,0.938,69.85,785.87,65.49
4510-HIMLV,0.938,69.8,785.65,65.47
2506-TNFCO,0.941,69.55,785.43,65.45
8565-CLBZW,0.728,89.85,785.36,65.45
0354-WYROK,0.662,98.9,785.13,65.43
3855-ONCAR,0.828,78.9,784.07,65.34
3422-LYEPQ,0.92,71.0,784.05,65.34
7254-IQWOZ,0.938,69.65,784.11,65.34
4741-WWJQZ,0.815,80.15,783.79,65.32
4871-JTKJF,0.938,69.65,783.81,65.32
6502-MJQAE,0.938,69.6,783.6,65.3
8375-DKEBR,0.938,69.6,783.29,65.27
2636-ALXXZ,0.938,69.6,783.29,65.27
1820-TQVEV,0.938,69.55,783.08,65.26
8849-AYPTR,0.715,91.25,783.14,65.26
3143-JQEGI,0.738,88.35,782.81,65.23
6140-QNRQQ,0.911,71.55,782.26,65.19
8687-BAFGU,0.881,74.0,782.23,65.19
1965-DDBWU,0.732,89.05,782.01,65.17
2719-BDAQO,0.694,93.85,782.06,65.17
3074-GQWYX,0.859,75.9,781.98,65.16
5312-UXESG,0.665,98.05,781.92,65.16
5804-HYIEZ,0.614,106.05,781.64,65.14
1447-GIQMR,0.942,69.15,781.55,65.13
7665-TOALD,0.935,69.6,781.22,65.1
1508-DFXCU,0.799,81.45,781.23,65.1
0727-BMPLR,0.651,100.0,781.11,65.09
8433-WXGNA,0.86,75.7,780.9,65.08
3428-XZMAZ,0.938,69.35,781.02,65.08
6457-GIRWB,0.938,69.35,781.02,65.08
0979-PHULV,0.654,99.45,780.84,65.07
9208-OLGAQ,0.766,84.95,780.47,65.04
8042-JVNFH,0.911,71.35,780.35,65.03
0488-GSLFR,0.935,69.5,780.2,65.02
7409-KIUTL,0.916,71.0,780.07,65.01
7206-GZCDC,0.938,69.25,779.69,64.97
1472-TNCWL,0.686,94.7,779.44,64.95
4989-LIXVT,0.677,95.9,779.43,64.95
2823-LKABH,0.683,95.05,779.06,64.92
7598-UAASY,0.85,76.4,778.93,64.91
0689-NKYLF,0.78,83.2,778.78,64.9
3716-BDVDB,0.939,69.1,778.44,64.87
4315-MURBD,0.656,98.9,778.33,64.86
1602-IJQQE,0.861,75.35,778.11,64.84
9420-LOJKX,0.654,99.1,777.55,64.8
3162-KKZXO,0.647,100.15,777.44,64.79
7426-GSWPO,0.626,103.5,777.39,64.78
8436-BJUMM,0.773,83.75,777.34,64.78
4806-HIPDW,0.939,68.95,777.26,64.77
9728-FTTVZ,0.936,69.2,777.13,64.76
7660-HDPJV,0.936,69.2,777.13,64.76
9430-FRQOC,0.743,87.1,777.0,64.75
5982-FPVQN,0.68,95.15,776.84,64.74
7861-UVUFT,0.768,84.3,776.79,64.73
7586-ZATGZ,0.762,84.9,776.27,64.69
9732-EQMWY,0.651,99.4,775.97,64.66
9053-EJUNL,0.725,89.2,775.68,64.64
4879-GZLFH,0.701,92.15,775.54,64.63
5228-EXCET,0.799,80.85,775.51,64.63
2077-MPJQO,0.857,75.4,775.41,64.62
4184-TJFAN,0.732,88.3,775.22,64.6
0390-DCFDQ,0.917,70.45,774.98,64.58
5222-IMUKT,0.709,91.05,774.81,64.57
1853-UDXBW,0.922,70.0,774.22,64.52
8189-XRIKE,0.709,90.95,774.08,64.51
8337-MSSXB,0.747,86.3,773.96,64.5
5019-GQVCR,0.759,84.85,773.24,64.44
9617-INGJY,0.913,70.6,773.15,64.43
1236-WFCDV,0.712,90.45,773.01,64.42
2519-LBNQL,0.617,104.35,772.8,64.4
8309-IEYJD,0.912,70.6,772.73,64.39
3177-LASXD,0.902,71.35,772.62,64.38
6175-IRFIT,0.817,78.75,772.29,64.36
9492-TOKRI,0.715,90.0,772.12,64.34
2959-FENLU,0.754,85.3,771.92,64.33
2507-QZPQS,0.672,95.7,771.89,64.32
0968-GSIKN,0.908,70.8,771.75,64.31
2522-AHJXR,0.587,109.45,771.5,64.29
0875-CABNR,0.76,84.6,771.52,64.29
0388-EOPEX,0.864,74.4,771.38,64.28
6198-ZFIOJ,0.85,75.6,771.38,64.28
9250-WYPLL,0.851,75.55,771.22,64.27
9334-GWGOW,0.858,74.85,771.02,64.25
4191-XOVOM,0.609,105.4,770.81,64.23
5032-MIYKT,0.909,70.7,770.8,64.23
6908-VVYHM,0.708,90.65,770.59,64.22
7481-ATQQS,0.707,90.85,770.42,64.2
3737-GCSPV,0.667,96.2,769.45,64.12
5134-IKDAY,0.918,69.8,769.3,64.11
0921-OHLVP,0.772,83.05,769.18,64.1
0027-KWYKW,0.765,83.75,768.54,64.04
0581-MDMPW,0.72,88.95,768.51,64.04
3536-IQCTX,0.751,85.3,768.29,64.02
0468-YRPXN,0.648,98.8,768.07,64.01
2386-OWURY,0.672,95.3,768.09,64.01
5281-BUZGT,0.704,90.85,768.04,64.0
0237-YFUTL,0.584,109.65,767.94,64.0
7571-YXDAD,0.854,74.9,767.63,63.97
8012-SOUDQ,0.709,90.25,767.5,63.96
5583-SXDAG,0.913,70.0,767.16,63.93
4631-OACRM,0.805,79.4,767.12,63.93
4759-TRPLW,0.908,70.4,767.17,63.93
9490-DFPMD,0.755,84.65,766.99,63.92
0928-XUTSN,0.793,80.5,766.5,63.88
0004-TLHLJ,0.864,73.9,766.53,63.88
0679-IDSTG,0.922,69.25,766.44,63.87
2619-WFQWU,0.909,70.15,765.56,63.8
9985-MWVIX,0.909,70.15,765.56,63.8
0112-QAWRZ,0.702,90.8,765.25,63.77
1792-UXAFY,0.715,89.15,765.09,63.76
1915-IOFGU,0.904,70.5,764.66,63.72
5373-SFODM,0.747,85.25,764.65,63.72
8914-RBTSB,0.679,93.8,764.69,63.72
5701-YVSVF,0.769,82.9,764.57,63.71
4550-EVXNY,0.914,69.65,764.26,63.69
1216-BGTSP,0.587,108.45,764.2,63.68
4559-UWIHT,0.77,82.65,764.05,63.67
5989-PGKJB,0.738,86.25,763.77,63.65
3587-PMCOY,0.644,98.9,763.81,63.65
9747-DDZOS,0.866,73.5,763.72,63.64
3066-RRJIO,0.91,69.95,763.65,63.64
5186-SAMNZ,0.916,69.5,763.6,63.63
0899-WZRSD,0.604,105.35,763.22,63.6
4373-MAVJG,0.7,90.9,763.23,63.6
7153-OANIO,0.909,69.95,762.88,63.57
4587-NUKOX,0.804,79.1,762.71,63.56
8835-VSDSE,0.899,70.7,762.69,63.56
9508-ILZDG,0.66,96.35,762.75,63.56
8111-RKSPX,0.88,72.2,762.51,63.54
7908-QCBCA,0.915,69.4,762.08,63.51
3349-ANQNH,0.638,99.5,761.61,63.47
4183-MYFRB,0.705,90.05,761.57,63.46
6067-NGCEU,0.571,111.05,761.27,63.44
4342-HENTK,0.898,70.65,761.18,63.43
2262-SLNVK,0.905,70.1,760.89,63.41
0089-IIQKO,0.634,99.95,760.79,63.4
7130-VTEWQ,0.837,75.75,760.78,63.4
3317-VLGQT,0.811,78.1,760.39,63.37
7979-CORPM,0.7,90.55,760.44,63.37
3721-CNEYS,0.893,70.95,760.39,63.37
5928-QLDHB,0.831,76.25,760.1,63.34
1226-IENZN,0.804,78.75,760.04,63.34
7321-VGNKU,0.9,70.35,759.43,63.29
6416-TVAIH,0.924,68.5,759.37,63.28
1307-ATKGB,0.706,89.55,759.11,63.26
6862-CQUMB,0.658,96.1,759.01,63.25
8873-GLDMH,0.856,73.85,758.91,63.24
9717-QEBGU,0.899,70.3,758.62,63.22
0840-DFEZH,0.839,75.35,758.6,63.22
5804-LEPIM,0.899,70.35,758.54,63.21
9237-HQITU,0.894,70.7,758.4,63.2
7354-OIJLX,0.833,75.85,758.4,63.2
7483-IQWIB,0.68,92.95,758.32,63.19
1842-EZJMK,0.609,103.7,758.29,63.19
6646-QVXLR,0.609,103.75,757.96,63.16
3871-IKPYH,0.914,69.1,757.54,63.13
3348-CFRNX,0.683,92.35,757.4,63.12
3196-NVXLZ,0.746,84.6,757.43,63.12
0315-LVCRK,0.744,84.8,757.23,63.1
9576-SYUHJ,0.692,91.15,756.79,63.07
1219-NNDDO,0.821,76.85,756.77,63.06
9944-AEXBM,0.736,85.65,756.67,63.06
2037-SGXHH,0.666,94.65,756.76,63.06
8033-VCZGH,0.607,103.95,756.6,63.05
6075-SLNIL,0.662,95.1,755.86,62.99
3030-YDNRM,0.841,74.85,755.5,62.96
6711-FLDFB,0.841,74.9,755.45,62.95
1122-JWTJW,0.891,70.65,755.14,62.93
2897-DOVND,0.901,69.8,754.27,62.86
4822-NGOCH,0.744,84.45,754.15,62.85
9799-CAYJJ,0.906,69.3,753.51,62.79
7394-LWLYN,0.895,70.15,753.39,62.78
7982-VCELR,0.662,94.8,752.97,62.75
5949-XIKAE,0.751,83.55,752.81,62.73
5099-BAILX,0.566,110.75,752.19,62.68
3199-XGZCY,0.833,75.25,752.1,62.67
8676-TRMJS,0.836,75.0,752.03,62.67
5276-KQWHG,0.9,69.6,751.91,62.66
9529-OFXHY,0.714,87.75,751.93,62.66
6860-YRJZP,0.846,74.05,751.69,62.64
1024-VRZHF,0.835,74.95,751.42,62.62
0812-WUPTB,0.883,70.85,751.03,62.59
4612-SSVHJ,0.768,81.45,750.89,62.57
3009-JWMPU,0.646,96.75,750.56,62.55
5399-ZIMKF,0.838,74.65,750.32,62.53
9167-APMXZ,0.743,84.15,750.15,62.51
4536-PLEQY,0.735,85.05,749.64,62.47
4482-EWFMI,0.896,69.7,749.62,62.47
4299-SIMNS,0.77,81.15,749.65,62.47
4760-THGOT,0.664,94.1,749.43,62.45
8982-NHAVY,0.621,100.5,749.13,62.43
0515-YPMCW,0.886,70.45,748.65,62.39
1062-LHZOD,0.892,69.9,748.33,62.36
0122-OAHPZ,0.844,73.85,748.37,62.36
5671-UUNXD,0.619,100.65,748.15,62.35
0709-TVGUR,0.836,74.55,748.25,62.35
7379-POKDZ,0.887,70.3,748.03,62.34
9158-VCTQB,0.549,113.6,748.06,62.34
2080-GKCWQ,0.831,74.95,747.8,62.32
4566-GOLUK,0.58,107.35,747.74,62.31
2920-RNCEZ,0.891,69.95,747.76,62.31
3207-OYBWH,0.654,95.25,747.73,62.31
2856-NNASM,0.696,89.55,747.41,62.28
2856-HYAPG,0.907,68.65,747.17,62.26
5307-DZCVC,0.724,85.95,746.84,62.24
7625-XCQRH,0.813,76.5,746.65,62.22
6390-DSAZX,0.845,73.6,746.65,62.22
2929-QNSRW,0.633,98.25,746.69,62.22
3143-ILDAL,0.659,94.45,746.38,62.2
5628-RKIFK,0.613,101.55,746.44,62.2
7576-JMYWV,0.564,110.2,746.26,62.19
3627-FHKBK,0.826,75.3,745.93,62.16
2014-MKGMH,0.615,101.1,745.58,62.13
4282-YMKNA,0.831,74.75,745.58,62.13
9921-ZVRHG,0.772,80.45,745.35,62.11
5922-ABDVO,0.692,89.65,744.53,62.04
1930-WNXSB,0.668,92.85,743.97,62.0
5461-QKNTN,0.658,94.3,744.04,62.0
2144-BFDSO,0.57,108.75,743.85,61.99
2325-NBPZG,0.831,74.55,743.74,61.98
0508-OOLTO,0.865,71.65,743.67,61.97
2055-PDADH,0.88,70.4,743.39,61.95
6168-WFVVF,0.881,70.3,742.95,61.91
8541-QVFKM,0.842,73.5,742.24,61.85
7044-YAACC,0.881,70.2,741.86,61.82
5035-PGZXH,0.579,106.8,741.67,61.81
8065-YKXKD,0.827,74.75,741.76,61.81
5271-DBYSJ,0.781,79.15,741.42,61.79
2227-JRSJX,0.622,99.15,740.49,61.71
4007-NHVHI,0.637,96.85,740.55,61.71
0644-OQMDK,0.873,70.65,740.41,61.7
4829-AUOAX,0.642,96.05,740.18,61.68
5940-AHUHD,0.873,70.6,740.01,61.67
2573-GYRUU,0.677,91.05,739.86,61.66
0511-JTEOY,0.867,71.1,739.67,61.64
8040-MNRTF,0.867,71.1,739.67,61.64
0596-BQCEQ,0.615,100.15,739.39,61.62
8782-LKFPK,0.682,90.4,739.47,61.62
6680-WKXRZ,0.828,74.4,739.14,61.6
6693-FRIRW,0.608,101.3,739.04,61.59
9633-XQABV,0.876,70.25,738.72,61.56
0947-IDHRQ,0.766,80.3,738.17,61.51
2800-VEQXM,0.823,74.75,738.15,61.51
0151-ONTOV,0.867,70.9,737.98,61.5
4283-FUTGF,0.77,79.85,737.85,61.49
1522-VVDMG,0.685,89.75,737.62,61.47
6077-BDPXA,0.876,70.15,737.53,61.46
7975-TZMLR,0.596,103.1,737.25,61.44
1086-LXKFY,0.889,69.1,737.16,61.43
0378-NHQXU,0.696,88.25,737.2,61.43
1866-OBPNR,0.823,74.6,736.96,61.41
0486-HECZI,0.635,96.75,736.84,61.4
0519-XUZJU,0.868,70.75,736.71,61.39
8010-EZLOU,0.765,80.2,736.52,61.38
8495-LJDFO,0.563,108.95,736.41,61.37
3750-CKVKH,0.905,67.75,735.79,61.32
4572-DVCGN,0.764,80.25,735.47,61.29
8617-ENBDS,0.833,73.6,735.41,61.28
3323-CPBWR,0.632,96.9,735.27,61.27
7245-NIIWQ,0.877,69.85,735.24,61.27
7786-WBJYI,0.786,77.95,735.24,61.27
4088-YLDSU,0.588,104.15,735.0,61.25
6741-EGCBI,0.676,90.5,734.14,61.18
4450-DLLMH,0.858,71.3,733.89,61.16
0320-JDNQG,0.612,99.85,733.74,61.15
2105-PHWON,0.644,95.0,733.61,61.13
9699-UBQFS,0.647,94.5,733.47,61.12
2187-PKZAY,0.764,79.95,733.38,61.11
5394-SVGJV,0.618,98.8,733.15,61.1
6284-AHOOQ,0.675,90.5,733.17,61.1
9412-GHEEC,0.583,104.8,733.06,61.09
8107-KNCIM,0.813,75.1,732.84,61.07
1891-FZYSA,0.679,89.95,732.87,61.07
1580-BMCMR,0.699,87.3,732.52,61.04
4811-JBUVU,0.679,89.9,732.31,61.03
6353-BRMMA,0.586,104.1,732.41,61.03
2568-BRGYX,0.869,70.2,732.38,61.03
4585-HETAI,0.827,73.75,732.27,61.02
3671-SHRSP,0.757,80.6,731.97,61.0
5828-AVIPD,0.604,100.95,731.82,60.98
3411-WLRSQ,0.817,74.6,731.07,60.92
5760-FXFVO,0.771,78.95,730.82,60.9
7067-KSAZT,0.573,106.25,730.57,60.88
5294-DMSFH,0.693,87.8,730.27,60.86
5520-FVEWJ,0.72,84.5,729.73,60.81
4854-CIDCF,0.823,73.85,729.75,60.81
5884-GCYMI,0.876,69.4,729.59,60.8
5119-NZPTV,0.867,70.1,729.65,60.8
2974-GGUXS,0.661,91.95,729.58,60.8
3657-COGMW,0.562,108.1,729.65,60.8
9643-AVVWI,0.76,80.0,729.65,60.8
9889-TMAHG,0.606,100.3,729.39,60.78
3365-SAIGS,0.727,83.55,728.91,60.74
2774-LVQUS,0.731,83.05,728.78,60.73
7495-OOKFY,0.753,80.65,728.72,60.73
2672-TGEFF,0.684,88.8,728.68,60.72
8642-GVWRF,0.762,79.7,728.31,60.69
0207-MDKNV,0.577,105.1,727.95,60.66
2905-KFQUV,0.862,70.4,727.85,60.65
9408-SSNVZ,0.864,70.15,727.72,60.64
2886-KEFUM,0.564,107.5,727.61,60.63
4277-PVRAN,0.757,80.1,727.6,60.63
9355-NPPFS,0.769,78.8,727.6,60.63
1965-AKTSX,0.768,78.95,727.44,60.62
2984-MIIZL,0.81,74.8,727.01,60.58
7064-FRRSW,0.612,99.0,726.97,60.58
4110-PFEUZ,0.87,69.55,726.46,60.54
5747-PMBSQ,0.654,92.5,725.98,60.5
6496-JDSSB,0.756,80.0,726.04,60.5
1481-ZUWZA,0.64,94.5,725.89,60.49
0111-KLBQG,0.644,93.95,725.7,60.48
8178-EYZUO,0.645,93.7,725.74,60.48
8699-ASUFO,0.813,74.4,725.52,60.46
2252-ISRNH,0.669,90.35,725.31,60.44
4501-EQDRN,0.867,69.7,725.32,60.44
8631-WUXGY,0.605,99.8,724.78,60.4
9685-WKZGT,0.806,74.95,724.74,60.39
2799-ARNLO,0.87,69.35,724.41,60.37
4488-KQFDT,0.581,103.95,724.32,60.36
0685-MLYYM,0.853,70.75,724.21,60.35
9281-OFDMF,0.665,90.7,724.09,60.34
2344-JMOGN,0.636,94.85,723.86,60.32
2260-USTRB,0.858,70.2,723.1,60.26
2058-DCJBE,0.863,69.75,722.38,60.2
5832-XKAES,0.862,69.8,722.23,60.19
3161-GETRM,0.668,90.05,722.26,60.19
9921-QFQUL,0.668,90.15,722.14,60.18
5816-QVHRX,0.6,100.3,722.19,60.18
5626-MGTUK,0.675,89.1,721.97,60.16
6047-YHPVI,0.863,69.7,721.92,60.16
4361-BKAXE,0.525,114.5,721.65,60.14
4301-VVZKA,0.798,75.4,721.73,60.14
6233-HXJMX,0.673,89.3,721.62,60.13
3130-ICDUP,0.747,80.55,721.58,60.13
6362-QHAFM,0.555,108.3,721.45,60.12
7703-ZEKEF,0.742,81.0,720.79,60.07
8543-MSDMF,0.776,77.4,720.83,60.07
0506-LVNGN,0.795,75.55,720.49,60.04
3956-MGXOG,0.745,80.6,720.2,60.02
7813-ZGGAW,0.621,96.6,720.19,60.02
8104-OSKWT,0.752,79.8,720.05,60.0
5022-KVDQT,0.737,81.3,719.1,59.93
9885-AIBVB,0.698,85.8,718.87,59.91
5886-VLQVU,0.666,89.85,718.49,59.87
9574-RKJIF,0.634,94.4,718.24,59.85
7739-LAXOG,0.657,91.05,718.07,59.84
6818-DJXAA,0.657,91.1,717.74,59.81
0018-NYROU,0.867,68.95,717.59,59.8
9979-RGMZT,0.636,94.05,717.48,59.79
8854-CCVSQ,0.741,80.65,717.3,59.77
5226-NOZFC,0.697,85.75,717.01,59.75
2154-KVJFF,0.749,79.75,716.86,59.74
5442-BHQNG,0.849,70.35,716.58,59.71
0100-DUVFC,0.57,104.8,716.45,59.7
2272-QAGFO,0.803,74.3,715.79,59.65
8637-XJIVR,0.755,78.95,715.64,59.64
1658-TJVOA,0.804,74.1,715.14,59.6
7547-EKNFS,0.625,95.25,714.79,59.57
2322-VCZHZ,0.662,90.0,714.77,59.56
0326-VDYXE,0.61,97.65,714.52,59.54
0504-HHAPI,0.674,88.3,714.34,59.53
1173-NOEYG,0.659,90.15,713.32,59.44
1565-RHDJD,0.707,84.05,712.88,59.41
3453-RTHJQ,0.86,69.1,712.84,59.4
5981-ZVXOT,0.548,108.35,712.7,59.39
6103-BOCOU,0.736,80.7,712.61,59.38
3744-ZRRDZ,0.72,82.35,711.98,59.33
7892-QVYKW,0.693,85.6,711.99,59.33
7852-LECYP,0.632,93.8,711.8,59.32
2754-XBHTB,0.764,77.65,711.81,59.32
6845-RGTYS,0.601,98.75,711.86,59.32
1730-ZMAME,0.746,79.5,711.55,59.3
7538-GWHML,0.851,69.65,711.54,59.29
2919-HBCJO,0.773,76.65,711.4,59.28
8065-BVEPF,0.598,99.1,711.07,59.26
8563-OYMQY,0.651,90.95,710.61,59.22
3413-DHLPB,0.571,103.75,710.48,59.21
8327-LZKAS,0.551,107.55,710.54,59.21
0730-KOAVE,0.628,94.3,710.13,59.18
1818-ESQMW,0.663,89.2,709.65,59.14
5153-RTHKF,0.693,85.35,709.41,59.12
6330-JKLPC,0.734,80.5,709.4,59.12
2675-OTVVJ,0.661,89.45,709.1,59.09
1855-AGAWH,0.63,93.8,708.98,59.08
9450-TRJUU,0.71,83.15,708.81,59.07
0455-XFASS,0.849,69.55,708.68,59.06
4059-IIEBK,0.752,78.55,708.53,59.04
1867-BDVFH,0.793,74.35,707.49,58.96
4029-HPFVY,0.839,70.3,707.52,58.96
0634-SZPQA,0.654,90.05,707.18,58.93
2623-DRYAM,0.579,101.75,706.97,58.91
3685-YLCMQ,0.563,104.65,706.65,58.89
0060-FUALY,0.621,94.75,706.45,58.87
2988-GBIVW,0.648,90.85,706.19,58.85
3466-RITXD,0.637,92.4,706.05,58.84
6993-OHLXR,0.853,68.95,706.02,58.83
9904-EHEVJ,0.644,91.35,705.6,58.8
4412-YLTKF,0.753,78.05,705.51,58.79
0564-MUUQK,0.615,95.5,704.75,58.73
7912-SYRQT,0.782,75.1,704.67,58.72
7562-GSUHK,0.63,93.2,704.35,58.7
0940-OUQEC,0.727,80.7,704.38,58.7
7271-AJDTL,0.621,94.45,704.02,58.67
2983-ZANRP,0.798,73.55,703.99,58.67
9793-WECQC,0.616,95.3,703.89,58.66
2924-KHUVI,0.583,100.55,703.67,58.64
0727-IWKVK,0.734,79.9,703.51,58.63
9903-LYSAB,0.801,73.15,703.28,58.61
4462-CYWMH,0.653,89.8,703.36,58.61
7278-CKDNC,0.728,80.5,702.98,58.58
7508-SMHXL,0.658,89.0,702.8,58.57
4983-CCWMC,0.841,69.6,702.59,58.55
1095-JUDTC,0.615,95.05,701.92,58.49
8272-ONJLV,0.611,95.7,701.48,58.46
2267-FPIMA,0.619,94.4,701.28,58.44
8152-UOBNY,0.547,106.8,701.12,58.43
0818-OCPZO,0.717,81.45,700.77,58.4
4307-KTUMW,0.622,93.9,700.75,58.4
3567-PQTSO,0.555,105.25,700.64,58.39
9512-UIBFX,0.614,95.15,700.5,58.37
4505-EXZHB,0.784,74.4,699.86,58.32
3424-NMNBO,0.536,108.85,699.71,58.31
2397-BRLOM,0.725,80.45,699.75,58.31
2916-BQZLN,0.688,84.75,699.43,58.29
1685-BQULA,0.624,93.4,699.48,58.29
1196-AMORA,0.792,73.6,699.22,58.27
4817-QRJSX,0.719,81.0,699.01,58.25
8749-JMNKX,0.621,93.8,698.75,58.23
1084-UQCHV,0.835,69.75,698.8,58.23
3420-ZDBMA,0.815,71.45,698.54,58.21
9465-RWMXL,0.737,78.9,698.12,58.18
1989-PRJHP,0.77,75.5,698.01,58.17
9481-IEBZY,0.515,112.9,697.51,58.13
7272-QDCKA,0.58,100.2,697.13,58.09
0929-PECLO,0.648,89.6,696.9,58.08
5405-ZMYXQ,0.778,74.6,696.83,58.07
1475-VWVDO,0.775,74.9,696.64,58.05
3496-LFSZU,0.823,70.5,696.11,58.01
6745-JEFZB,0.634,91.5,696.15,58.01
6347-DCUIK,0.782,74.15,695.98,58.0
9773-PEQBZ,0.726,79.85,696.05,58.0
3866-MDTUB,0.82,70.75,696.04,58.0
6298-QDFNH,0.731,79.35,695.88,57.99
7460-ITWWP,0.673,86.1,695.86,57.99
3197-ARFOY,0.552,105.0,695.58,57.97
1689-YQBYY,0.757,76.6,695.55,57.96
5950-AAAGJ,0.687,84.3,695.07,57.92
4547-KQRTM,0.723,80.05,694.6,57.88
5652-MSDEY,0.764,75.75,694.33,57.86
9576-ANLXO,0.832,69.55,694.08,57.84
0196-JTUQI,0.769,75.2,694.0,57.83
1452-KIOVK,0.649,89.1,694.01,57.83
0682-USIXD,0.672,86.05,693.85,57.82
4329-YPDDQ,0.534,108.2,693.88,57.82
0581-BXBUB,0.795,72.75,693.69,57.81
7801-KICAO,0.779,74.15,693.44,57.79
2279-AXJJK,0.604,95.65,693.38,57.78
8640-SDGKB,0.776,74.4,692.96,57.75
2325-WINES,0.555,104.05,692.91,57.74
6311-UEUME,0.732,78.9,692.9,57.74
6877-LGWXO,0.735,78.55,692.77,57.73
3976-BWUCK,0.613,94.1,692.5,57.71
2302-ANTDP,0.491,117.45,692.23,57.69
2037-XJFUP,0.602,95.8,692.09,57.67
5716-LIBJC,0.554,104.15,692.04,57.67
2806-MLNTI,0.548,105.1,691.72,57.64
7534-BFESC,0.757,76.1,691.51,57.63
7245-JMTTQ,0.517,111.5,691.3,57.61
3914-FDRHP,0.668,86.25,691.14,57.6
2815-CPTUL,0.82,70.25,690.88,57.57
6719-OXYBR,0.675,85.3,690.84,57.57
5018-GWURO,0.672,85.6,690.77,57.56
8325-QRPZR,0.766,75.15,690.73,57.56
7486-KSRVI,0.575,100.0,690.16,57.51
9494-MRNYX,0.766,75.05,690.01,57.5
0641-EVBOJ,0.699,82.3,689.89,57.49
6715-OFDBP,0.821,70.05,689.87,57.49
9469-WEJBT,0.636,90.35,689.88,57.49
7326-RIGQZ,0.823,69.8,689.28,57.44
3376-BMGFE,0.81,70.9,689.22,57.43
8651-ENBZX,0.542,106.0,689.11,57.43
2359-KMGLI,0.715,80.25,688.75,57.4
5122-CYFXA,0.761,75.3,688.07,57.34
6815-ABQFQ,0.535,107.25,688.05,57.34
0924-BJCRC,0.641,89.45,688.03,57.34
0491-KAPQG,0.778,73.7,687.91,57.33
4629-NRXKX,0.814,70.4,687.93,57.33
6284-KMNUF,0.585,98.0,687.85,57.32
4937-QPZPO,0.573,99.9,687.33,57.28
6891-JPYFF,0.544,105.25,687.18,57.27
2003-CKLOR,0.576,99.5,687.28,57.27
3223-DWFIO,0.825,69.35,686.8,57.23
1784-EZDKJ,0.535,106.8,686.07,57.17
5302-BDJNT,0.599,95.5,686.0,57.17
0620-DLSLK,0.698,81.9,686.04,57.17
2608-BHKFN,0.816,70.05,685.82,57.15
3062-ICYZQ,0.609,93.8,685.76,57.15
3858-VOBET,0.762,74.95,685.72,57.14
6807-SIWJI,0.545,104.85,685.54,57.13
8224-DWCKX,0.779,73.3,685.22,57.1
2858-EIMXH,0.595,95.85,684.87,57.07
0943-ZQPXH,0.614,92.95,684.89,57.07
8128-YVJRG,0.716,79.65,684.68,57.06
3419-SNJJD,0.542,105.25,684.53,57.04
9779-DPNEJ,0.712,80.15,684.36,57.03
0221-WMXNQ,0.757,75.35,684.12,57.01
4154-AQUGT,0.64,89.05,684.09,57.01
3966-HRMZA,0.76,75.05,684.17,57.01
2359-KLTEK,0.601,94.9,684.05,57.0
4188-FRABG,0.553,103.05,683.24,56.94
1335-HQMKX,0.562,101.35,683.27,56.94
8837-VVWLQ,0.67,84.95,682.91,56.91
6705-LXORM,0.812,70.05,682.77,56.9
8755-IWJHN,0.596,95.35,682.2,56.85
3370-GQEAL,0.665,85.45,682.07,56.84
4763-PGDPO,0.807,70.4,682.09,56.84
6664-FPDAC,0.508,111.95,682.04,56.84
5599-HVLTW,0.707,80.35,682.14,56.84
6339-YPSAH,0.77,73.8,681.58,56.8
4910-AQFFX,0.716,79.35,681.61,56.8
3717-OEAUQ,0.803,70.7,681.64,56.8
0471-ARVMX,0.541,104.85,681.3,56.78
9560-ARGQJ,0.7,81.0,680.71,56.73
1624-WOIWJ,0.669,84.7,680.39,56.7
5028-GZLDO,0.802,70.7,680.16,56.68
2979-SXESE,0.6,94.4,679.95,56.66
5650-YLIBA,0.698,81.15,679.68,56.64
1552-AAGRX,0.532,106.4,679.51,56.63
1061-PNTHC,0.517,109.6,679.5,56.62
5914-DVBWJ,0.663,85.45,679.35,56.61
9777-WJJPR,0.639,88.65,679.24,56.6
4250-WAROZ,0.607,93.25,679.12,56.59
1228-FZFRV,0.534,105.95,679.02,56.59
4816-LXZYW,0.715,79.15,678.83,56.57
0265-EDXBD,0.755,74.9,678.7,56.56
4143-HHPMK,0.663,85.35,678.59,56.55
2172-EJXVF,0.534,105.9,678.62,56.55
5879-SESNB,0.751,75.25,678.41,56.53
2293-IJWPS,0.561,100.75,677.83,56.49
3756-VNWDH,0.561,100.75,677.74,56.48
6635-CPNUN,0.585,96.6,677.8,56.48
3452-ABWRL,0.656,86.05,677.7,56.47
8485-GJCDN,0.818,69.05,677.57,56.46
2739-CACDQ,0.683,82.65,677.35,56.45
2195-ZRVAX,0.662,85.3,677.39,56.45
0330-IVZHA,0.807,69.95,677.24,56.44
3488-PGMQJ,0.757,74.5,677.13,56.43
2027-CWDNU,0.659,85.6,676.97,56.41
2408-TZMJL,0.512,110.15,676.47,56.37
5233-AOZUF,0.752,74.95,676.27,56.36
1597-FZREH,0.738,76.4,676.17,56.35
7203-OYKCT,0.537,104.95,675.9,56.33
0428-IKYCP,0.647,87.0,675.69,56.31
5287-QWLKY,0.535,105.1,674.84,56.24
9137-UIYPG,0.526,106.9,674.8,56.23
6961-VCPMC,0.698,80.4,673.28,56.11
4791-QRGMF,0.564,99.5,673.28,56.11
6260-ONULR,0.893,62.8,673.04,56.09
8819-IMISP,0.697,80.45,673.13,56.09
8695-ARGXZ,0.742,75.55,672.9,56.08
4724-WXVWF,0.588,95.4,672.59,56.05
2669-OIDSD,0.56,100.05,672.33,56.03
0256-LTHVJ,0.691,81.05,672.31,56.03
9048-JVYVF,0.807,69.35,671.71,55.98
6034-YMTOB,0.74,75.65,671.62,55.97
2951-QOQTK,0.693,80.8,671.57,55.96
5002-GCQFH,0.596,93.85,671.38,55.95
1902-XBTFB,0.625,89.4,670.91,55.91
3312-ZWLGF,0.704,79.3,670.21,55.85
0869-PAPRP,0.651,85.7,669.87,55.82
7268-IGMFD,0.594,93.9,669.38,55.78
7072-MBHEV,0.714,78.1,669.08,55.76
6559-RAKOZ,0.569,97.95,668.85,55.74
5442-XSDCW,0.701,79.5,668.74,55.73
3144-KMTWZ,0.597,93.25,668.51,55.71
2931-SVLTV,0.506,110.1,668.2,55.68
4512-ZUIYL,0.795,70.0,667.95,55.66
4554-YGZIH,0.618,90.05,667.87,55.66
5027-QPKTE,0.802,69.35,667.8,55.65
4013-UBXWQ,0.745,74.65,667.3,55.61
2956-GGUCQ,0.705,78.85,667.24,55.6
2079-FBMZK,0.803,69.25,667.01,55.58
5498-TXHLF,0.636,87.45,666.95,55.58
4911-BANWH,0.642,86.55,666.92,55.58
5606-AMZBO,0.711,78.15,666.8,55.57
9356-AXGMP,0.502,110.7,666.86,55.57
6458-CYIDZ,0.689,80.7,666.86,55.57
6413-XKKPU,0.621,89.4,666.58,55.55
4818-QIUFN,0.702,79.15,666.62,55.55
4636-JGAAI,0.625,88.85,666.51,55.54
6166-ILMNY,0.796,69.75,666.33,55.53
9835-ZIITK,0.501,110.85,665.93,55.49
3584-WKTTW,0.497,111.55,665.67,55.47
6486-LHTMA,0.611,90.7,665.5,55.46
0512-FLFDW,0.552,100.5,665.49,55.46
8564-LDKFL,0.523,106.0,665.38,55.45
4480-MBMLB,0.529,104.8,665.41,55.45
5977-CKHON,0.598,92.55,663.95,55.33
1658-XUHBX,0.623,88.75,663.79,55.32
0380-NEAVX,0.554,99.85,663.63,55.3
1016-DJTSV,0.793,69.7,663.42,55.29
5673-FSSMF,0.919,60.15,663.31,55.28
3999-QGRJH,0.793,69.7,663.21,55.27
5998-VVEJY,0.686,80.5,663.11,55.26
6711-VTNRE,0.631,87.55,663.16,55.26
4291-SHSBH,0.794,69.55,662.57,55.21
9821-POOTN,0.734,75.2,662.48,55.21
7030-NJVDP,0.618,89.25,662.23,55.19
6818-WOBHJ,0.615,89.6,661.77,55.15
0533-BNWKF,0.645,85.45,661.68,55.14
9572-MTILT,0.517,106.75,661.73,55.14
7567-ECMCM,0.691,79.85,661.68,55.14
8981-FJGLA,0.707,78.0,661.39,55.12
2091-RFFBA,0.746,73.9,661.34,55.11
3002-WQZWT,0.742,74.2,661.02,55.09
3315-TOTBP,0.725,76.0,661.04,55.09
9398-MMQTO,0.74,74.45,661.04,55.09
1215-FIGMP,0.613,89.9,661.03,55.09
7206-PQBBZ,0.785,70.2,660.99,55.08
5908-QMGOE,0.742,74.2,660.9,55.07
8486-AYEQH,0.724,76.05,660.57,55.05
4846-WHAFZ,0.719,76.5,660.31,55.03
2869-ADAWR,0.616,89.3,660.21,55.02
6591-QGOYB,0.516,106.65,659.99,55.0
2657-ALMWY,0.647,84.95,659.82,54.99
2000-MPKCA,0.51,107.75,659.54,54.96
5899-MQZZL,0.733,75.0,659.37,54.95
5976-JCJRH,0.782,70.3,659.33,54.94
8120-JDCAM,0.789,69.55,658.62,54.89
1907-UBQFC,0.753,72.85,658.53,54.88
7449-HVPIV,0.607,90.4,658.54,54.88
2085-BOJKI,0.568,96.65,658.45,54.87
8329-UTMVM,0.524,104.65,658.2,54.85
6946-LMSQS,0.616,89.05,658.15,54.85
4919-MOAVT,0.787,69.65,657.61,54.8
9919-YLNNG,0.528,103.8,657.51,54.79
0529-ONKER,0.724,75.65,657.33,54.78
4652-NNHNY,0.742,73.85,657.32,54.78
5389-FFVKB,0.682,80.3,657.23,54.77
9274-UARKJ,0.658,83.2,657.12,54.76
9470-XCCEM,0.611,89.65,656.94,54.75
6178-KFNHS,0.699,78.3,657.05,54.75
6379-RXJRQ,0.781,70.1,656.96,54.75
3877-JRJIP,0.915,59.85,656.97,54.75
5453-AXEPF,0.68,80.5,656.48,54.71
2460-NGXBJ,0.728,75.2,656.53,54.71
3703-KBKZP,0.735,74.45,656.3,54.69
0406-BPDVR,0.539,101.5,656.21,54.68
2656-FMOKZ,0.734,74.45,655.83,54.65
8270-RKSAP,0.775,70.5,655.52,54.63
5572-ZDXHY,0.648,84.3,655.37,54.61
8456-QDAVC,0.694,78.7,655.11,54.59
2921-XWDJH,0.654,83.45,655.11,54.59
1384-RCUXW,0.678,80.55,655.02,54.58
6172-FECYY,0.646,84.5,654.68,54.56
3946-JEWRQ,0.573,95.2,654.34,54.53
1428-GTBJJ,0.73,74.55,653.41,54.45
2382-BCKQJ,0.544,100.15,653.25,54.44
1698-XFZCI,0.505,107.75,653.18,54.43
0481-SUMCB,0.533,102.15,653.07,54.42
7641-EUYET,0.54,100.7,652.92,54.41
9495-SKLKD,0.566,95.95,651.86,54.32
7047-FWEYA,0.526,103.15,651.5,54.29
2683-BPJSO,0.643,84.45,651.19,54.27
8490-BXHEO,0.674,80.55,651.16,54.26
9912-OMZDS,0.511,106.15,650.98,54.25
3088-LHEFH,0.687,79.0,650.94,54.25
2694-CIUMO,0.682,79.55,651.01,54.25
9776-OJUZI,0.568,95.45,650.89,54.24
3070-DVEYC,0.735,73.75,650.56,54.21
2482-CZGBB,0.774,70.0,649.87,54.16
9233-PSYHO,0.541,100.15,649.97,54.16
9921-EZKBY,0.568,95.3,649.29,54.11
9614-RMGHA,0.589,91.85,648.9,54.08
6204-IEUXJ,0.675,80.1,649.01,54.08
8696-JKZNU,0.709,76.25,648.67,54.06
3235-ETOOB,0.725,74.5,648.47,54.04
5536-SLHPM,0.694,77.75,647.48,53.96
9822-WMWVG,0.507,106.5,647.4,53.95
1935-IMVBB,0.601,89.7,646.98,53.92
3481-JHUZH,0.671,80.25,646.63,53.89
8212-CRQXP,0.673,80.0,646.39,53.87
9445-SZLCH,0.553,97.35,646.23,53.85
0666-UXTJO,0.632,85.2,646.07,53.84
6551-GNYDG,0.665,80.9,645.94,53.83
5364-EVNIB,0.674,79.8,645.73,53.81
3955-JBZZM,0.683,78.8,645.51,53.79
5136-GFPMB,0.602,89.4,645.5,53.79
1110-KYLGQ,0.497,108.25,645.4,53.78
3234-VKACU,0.765,70.3,645.02,53.75
3058-HJCUY,0.524,102.6,644.63,53.72
5712-AHQNN,0.586,91.65,644.69,53.72
2070-XYMFH,0.677,79.35,644.18,53.68
3898-GUYTS,0.553,97.05,643.79,53.65
4441-NIHPT,0.722,74.3,643.6,53.63
2203-GHNWN,0.673,79.65,643.2,53.6
4360-PNRQB,0.708,75.6,642.65,53.55
5600-KTXFM,0.766,69.95,642.58,53.55
4607-CHPCA,0.592,90.4,642.45,53.54
7277-OZCGZ,0.601,89.05,642.13,53.51
1421-HCERK,0.506,105.7,641.67,53.47
0691-IFBQW,0.485,110.0,640.73,53.39
4546-FOKWR,0.714,74.75,640.41,53.37
7682-AZNDK,0.594,89.85,640.17,53.35
3194-ORPIK,0.632,84.4,640.06,53.34
3763-GCZHZ,0.513,104.05,639.99,53.33
0058-EVZWM,0.593,89.8,639.54,53.29
3096-IZETN,0.682,78.1,639.34,53.28
8761-NSOBC,0.53,100.55,639.09,53.26
1918-ZBFQJ,0.672,79.25,638.7,53.23
1319-YLZJG,0.629,84.6,638.65,53.22
5016-IBERQ,0.632,84.25,638.49,53.21
7124-UGSUR,0.51,104.4,638.41,53.2
7410-YTJIK,0.704,75.45,637.75,53.15
9526-JAWYF,0.592,89.8,637.52,53.13
2239-JALAW,0.514,103.25,637.17,53.1
0410-IPFTY,0.632,83.85,636.14,53.01
9681-KYGYB,0.601,88.2,636.0,53.0
9625-QSTYE,0.653,81.15,635.99,53.0
0898-XCGTF,0.549,96.5,635.83,52.99
7550-WIQVA,0.489,108.25,635.0,52.92
0531-ZZJWQ,0.715,74.0,634.92,52.91
4657-FWVFY,0.548,96.35,633.98,52.83
4619-EVPHY,0.58,91.0,633.36,52.78
4248-QPAVC,0.618,85.35,633.37,52.78
9191-MYQKX,0.702,75.15,633.21,52.77
1092-GANHU,0.688,76.65,632.62,52.72
2480-EJWYP,0.539,97.8,632.45,52.7
9544-PYPSJ,0.548,96.1,632.28,52.69
4832-VRBMR,0.511,103.15,632.16,52.68
5076-YVXCM,0.631,83.4,631.97,52.66
5336-UFNZP,0.49,107.45,631.63,52.64
5802-ADBRC,0.504,104.4,631.13,52.59
7603-USHJS,0.712,73.75,630.32,52.53
0141-YEAYS,0.607,86.45,629.31,52.44
2267-WTPYD,0.558,94.0,629.24,52.44
2971-SGAFL,0.666,78.75,629.01,52.42
2398-YPMUR,0.746,70.15,628.28,52.36
6259-WJQLC,0.645,81.1,628.1,52.34
5553-AOINX,0.499,104.9,627.94,52.33
4547-LYTDD,0.72,72.65,627.95,52.33
7103-IPXPJ,0.526,99.4,627.75,52.31
3737-XBQDD,0.616,84.85,627.67,52.31
4612-THJBS,0.499,104.75,627.56,52.3
5916-QEWPT,0.757,69.0,627.08,52.26
2041-JIJCI,0.816,64.0,627.01,52.25
6300-BWMJX,0.56,93.35,626.79,52.23
2528-HFYZX,0.682,76.45,626.03,52.17
6987-XQSJT,0.656,79.5,625.94,52.16
5931-FLJJF,0.744,70.1,625.85,52.15
7018-WBJNK,0.666,78.3,625.75,52.15
5575-TPIZQ,0.585,89.15,625.62,52.13
5609-IMCGG,0.618,84.35,625.41,52.12
1258-YMZNM,0.471,110.5,624.8,52.07
6331-LWDTQ,0.721,72.15,624.64,52.05
5334-JLAXU,0.553,94.1,624.59,52.05
5897-ZYEKH,0.493,105.6,624.44,52.04
2696-NARTR,0.705,73.85,624.35,52.03
8778-LMWTJ,0.695,74.85,624.28,52.02
8552-OBVRU,0.498,104.5,623.93,51.99
7395-IGJOS,0.637,81.5,623.29,51.94
9812-GHVRI,0.619,83.85,623.2,51.93
5174-ITUMV,0.492,105.4,621.85,51.82
8685-WHQPW,0.696,74.4,621.31,51.78
4480-QQRHC,0.699,74.05,621.24,51.77
5651-YLPRD,0.601,86.1,620.89,51.74
9947-OTFQU,0.695,74.4,620.83,51.74
8705-DWKTI,0.617,83.8,620.69,51.72
9506-UXUSK,0.737,70.15,620.59,51.72
9821-BESNZ,0.496,104.25,620.49,51.71
5175-WLYXL,0.656,78.85,620.43,51.7
1262-OPMFY,0.682,75.75,620.22,51.68
6627-CFOSN,0.519,99.45,619.65,51.64
1346-UFHAX,0.645,80.0,619.32,51.61
4097-YODCF,0.496,103.8,618.05,51.5
0575-CUQOV,0.526,97.95,618.06,51.5
1845-CSBRZ,0.603,85.35,618.03,51.5
0475-RIJEP,0.661,77.85,617.79,51.48
5945-AZYHT,0.47,109.6,617.65,51.47
8155-IBNHG,0.682,75.4,617.32,51.44
4238-HFHSN,0.626,82.15,617.07,51.42
5108-ADXWO,0.7,73.5,616.97,51.41
9283-LZQOH,0.691,74.4,616.65,51.39
2575-GFSOE,0.744,69.0,616.42,51.37
2141-RRYGO,0.748,68.65,615.79,51.32
2189-WWOEW,0.596,85.9,614.71,51.23
4391-LNRXK,0.54,94.95,614.72,51.23
4013-TLDHQ,0.654,78.25,614.17,51.18
5213-TWWJU,0.562,91.0,613.76,51.15
1077-HUUJM,0.72,71.05,613.73,51.14
2604-IJPDU,0.53,96.55,613.62,51.13
1910-FMXJM,0.636,80.4,613.34,51.11
7346-MEDWM,0.614,83.25,613.01,51.08
4818-DRBQT,0.637,80.15,612.56,51.05
0411-EZJZE,0.846,60.25,611.64,50.97
5973-EJGDP,0.584,87.35,611.65,50.97
2311-QYMUQ,0.57,89.45,611.64,50.97
3374-LXDEV,0.57,89.4,611.47,50.96
2811-POVEX,0.576,88.45,611.46,50.96
1984-FCOWB,0.465,109.5,610.99,50.92
3886-CERTZ,0.466,109.25,610.53,50.88
4398-HSCJH,0.8,63.6,610.37,50.86
2432-TFSMK,0.568,89.6,610.33,50.86
5813-UECBU,0.606,83.85,610.22,50.85
4471-KXAUH,0.603,84.3,610.25,50.85
9518-RWHZL,0.508,100.05,609.98,50.83
9571-EDEBV,0.515,98.65,609.75,50.81
4070-OKWVH,0.537,94.6,609.65,50.8
1899-VXWXM,0.478,106.1,609.18,50.77
7251-LJBQN,0.489,103.75,609.09,50.76
6080-TCMYC,0.625,81.2,609.14,50.76
3540-RZJYU,0.589,86.2,608.88,50.74
8623-TMRBY,0.602,84.2,608.69,50.72
2955-BJZHG,0.627,80.85,608.63,50.72
9620-ENEJV,0.719,70.55,608.36,50.7
7549-MYGPK,0.504,100.55,608.4,50.7
9391-YZEJW,0.539,94.0,608.39,50.7
9796-BPKIW,0.725,69.95,608.27,50.69
2101-RANCD,0.693,73.1,608.3,50.69
0947-MUGVO,0.687,73.65,607.41,50.62
2403-BCASL,0.452,111.95,607.09,50.59
0537-QYZZN,0.633,79.85,606.93,50.58
7789-HKSBS,0.481,105.2,606.83,50.57
3943-KDREE,0.674,74.95,606.44,50.54
2378-HTWFW,0.555,91.0,606.47,50.54
6906-ANDWJ,0.675,74.9,606.43,50.54
3500-RMZLT,0.525,96.3,606.54,50.54
0265-PSUAE,0.501,100.7,605.61,50.47
8404-GFGCZ,0.769,65.6,605.44,50.45
7978-DKUQH,0.676,74.6,605.24,50.44
9432-VOFYX,0.712,70.8,605.16,50.43
7722-CVFXN,0.479,105.2,604.78,50.4
0829-XXPLX,0.563,89.4,604.3,50.36
4821-SJHJV,0.562,89.6,604.22,50.35
5044-LRQAQ,0.727,69.2,604.07,50.34
9540-JYROE,0.718,70.1,603.56,50.3
4993-JCRGJ,0.596,84.3,603.2,50.27
1644-IRKSF,0.535,93.8,602.58,50.22
2133-TSRRM,0.477,105.35,602.59,50.22
9776-CLUJA,0.647,77.5,602.07,50.17
7251-XFOIL,0.562,89.2,601.87,50.16
0958-YHXGP,0.717,69.9,601.73,50.14
0637-UBJRP,0.596,84.05,601.44,50.12
2911-WDXMV,0.622,80.55,601.37,50.11
2476-YGEFM,0.659,76.0,601.04,50.09
9350-VLHMB,0.559,89.55,600.74,50.06
0843-WTBXE,0.586,85.45,600.41,50.03
0327-WFZSY,0.5,100.0,600.24,50.02
3398-ZOUAA,0.724,69.1,600.13,50.01
9626-VFRGG,0.565,88.5,599.74,49.98
8840-DQLGN,0.497,100.5,599.58,49.97
7126-RBHSD,0.633,78.9,598.88,49.91
0419-YAAPX,0.585,85.3,598.53,49.88
0577-WHMEV,0.549,90.7,597.99,49.83
5605-IYGFG,0.713,69.85,597.62,49.8
0439-IFYUN,0.667,74.7,597.63,49.8
0650-BWOZN,0.677,73.55,597.47,49.79
5443-SCMKX,0.528,94.3,597.41,49.78
1485-YDHMM,0.532,93.25,595.8,49.65
7694-VLBWQ,0.477,104.1,595.26,49.61
1391-UBDAR,0.68,72.9,595.11,49.59
9369-XFEHK,0.614,80.6,594.06,49.51
1074-AMIOH,0.457,108.25,593.76,49.48
9365-SRSZE,0.701,70.55,593.57,49.46
0570-BFQHT,0.614,80.55,593.42,49.45
3884-HCSWG,0.706,70.0,593.23,49.44
5909-ECHUI,0.878,56.25,592.76,49.4
3569-EDBPQ,0.585,84.35,592.56,49.38
2640-PMGFL,0.621,79.5,592.55,49.38
7658-UYUQS,0.57,86.55,592.41,49.37
1769-GRUIK,0.694,71.1,592.39,49.37
3023-GFLBR,0.573,86.15,592.07,49.34
7627-JKIAZ,0.625,78.95,591.88,49.32
5371-VYLSX,0.591,83.4,591.22,49.27
0691-NIKRI,0.465,105.95,591.18,49.26
1399-UBQIU,0.71,69.35,590.69,49.22
6270-OMFIW,0.521,94.4,590.48,49.21
6777-TGHTM,0.46,106.95,590.1,49.18
7924-GJZFI,0.71,69.3,590.04,49.17
3339-EAQNV,0.505,97.25,589.83,49.15
1360-JYXKQ,0.495,99.1,589.2,49.1
5035-BVCXS,0.646,75.9,588.69,49.06
8630-FJLIB,0.703,69.8,588.59,49.05
6050-IJRHS,0.461,106.5,588.59,49.05
0080-OROZO,0.494,99.25,588.31,49.03
5301-GAUUY,0.61,80.35,588.18,49.01
4828-FAZPK,0.613,79.95,587.66,48.97
5501-TVMGM,0.885,55.25,586.91,48.91
8160-HOWOX,0.731,66.85,586.71,48.89
0118-JPNOY,0.57,85.8,586.7,48.89
6821-JPCDC,0.504,97.05,586.46,48.87
2373-NTKOD,0.738,66.25,586.34,48.86
5649-VUKMC,0.511,95.5,586.16,48.85
4526-ZJJTM,0.552,88.4,585.88,48.82
0877-SDMBN,0.47,103.95,585.67,48.81
9822-OAOVB,0.88,55.45,585.45,48.79
3063-QFSZL,0.88,55.4,584.99,48.75
1169-SAOCL,0.457,106.65,584.93,48.74
0178-SZBHO,0.559,87.2,584.92,48.74
3583-EKAPL,0.886,55.0,584.59,48.72
8584-KMVXD,0.643,75.6,583.77,48.65
5370-IIVVL,0.465,104.5,583.21,48.6
0578-SKVMF,0.583,83.3,582.95,48.58
9552-TGUZV,0.647,75.0,582.42,48.53
1091-SOZGA,0.486,99.8,582.09,48.51
3627-FCRDW,0.683,71.0,581.88,48.49
0867-MKZVY,0.588,82.4,581.77,48.48
4704-ERYFC,0.7,69.25,581.5,48.46
2988-PLAHS,0.692,69.95,581.19,48.43
8715-KKTFG,0.468,103.3,580.09,48.34
6439-GTPCA,0.554,87.25,579.93,48.33
5828-DWPIL,0.542,89.1,579.17,48.26
4350-ZTLPI,0.442,108.95,578.49,48.21
5022-JNQEQ,0.635,75.85,578.27,48.19
7159-FVYPK,0.697,69.15,578.26,48.19
1230-QAJDW,0.738,65.25,577.99,48.17
1785-BPHTP,0.563,85.45,577.76,48.15
6578-KRMAW,0.515,93.4,577.36,48.11
2523-EWWZL,0.632,76.1,577.14,48.1
9286-DOJGF,0.642,74.95,577.03,48.09
9940-HPQPG,0.524,91.75,576.97,48.08
5569-IDSEY,0.455,105.7,576.81,48.07
1670-SVOWZ,0.536,89.65,576.76,48.06
8990-ZXLSU,0.696,69.05,576.65,48.05
2501-XWWTZ,0.684,70.2,576.19,48.02
3170-GWYKC,0.457,104.95,575.84,47.99
5419-KLXBN,0.538,89.15,575.83,47.99
8999-XXGNS,0.453,105.75,575.4,47.95
7855-DIWPO,0.697,68.65,574.5,47.88
4001-TSBTV,0.523,91.55,574.22,47.85
4503-BDXBD,0.638,74.95,574.21,47.85
4753-PADAS,0.452,105.7,573.84,47.82
6199-IWKGC,0.477,100.25,573.43,47.79
7410-OIEDU,0.598,79.85,573.38,47.78
1370-GGAWX,0.507,94.15,572.84,47.74
4948-WBBKL,0.637,74.9,572.7,47.73
9389-ACWBI,0.681,69.95,571.62,47.63
3452-SRFEG,0.637,74.6,570.31,47.53
0674-EYYZV,0.87,54.65,570.29,47.52
6917-YACBP,0.529,89.75,570.07,47.51
4662-EKDPQ,0.766,62.05,570.07,47.51
7993-PYKOF,0.633,75.0,569.51,47.46
8992-JQYUN,0.941,50.35,568.58,47.38
4685-ERGHK,0.545,86.9,568.51,47.38
7129-CAKJW,0.591,80.05,568.0,47.33
0887-WBJVH,0.506,93.45,567.92,47.33
0880-FVFWF,0.548,86.4,567.86,47.32
3192-LNKRK,0.563,84.05,567.42,47.29
4660-IRIBM,0.538,87.9,567.19,47.27
7921-LMDFQ,0.502,94.0,566.52,47.21
6234-PFPXL,0.492,95.9,566.36,47.2
2927-QRRQV,0.498,94.65,566.06,47.17
7409-JURKQ,0.422,111.8,565.78,47.15
3199-NPKCN,0.423,111.25,564.66,47.06
8979-CAMGB,0.461,102.1,564.52,47.04
4831-EOBFE,0.496,94.65,563.85,46.99
5469-CTCWN,0.443,106.0,563.92,46.99
9419-IPPBE,0.521,90.15,563.71,46.98
3094-JOJAI,0.633,74.15,563.52,46.96
6629-CZTTH,0.843,55.7,563.34,46.94
6728-VOIFY,0.489,96.0,563.05,46.92
7901-HXJVA,0.613,76.45,562.76,46.9
5067-XJQFU,0.432,108.45,562.81,46.9
3799-ISUZQ,0.67,69.95,562.66,46.89
9518-XXBXE,0.623,75.3,562.58,46.88
9800-ONTFE,0.618,75.8,562.49,46.87
7077-XJMET,0.632,74.15,562.2,46.85
0064-YIJGF,0.618,75.75,562.01,46.83
6217-TOWGS,0.621,75.4,561.95,46.83
7693-QPEFS,0.642,72.95,561.68,46.81
5074-FBGHB,0.447,104.65,561.24,46.77
7402-PWYJJ,0.512,91.15,560.21,46.68
3755-JBMNH,0.65,71.8,560.15,46.68
3717-LNXKW,0.509,91.7,559.89,46.66
6179-GJPSO,0.431,108.15,559.5,46.63
8404-FYDIB,0.538,86.65,559.39,46.62
6729-GDNGC,0.578,80.7,559.33,46.61
7517-SAWMO,0.637,73.2,559.22,46.6
0103-CSITQ,0.425,109.4,558.35,46.53
6778-YSNIH,0.789,59.0,558.33,46.53
6652-YFFJO,0.717,64.9,558.25,46.52
8149-AIQCG,0.636,73.15,558.2,46.52
5356-CSVSQ,0.72,64.6,558.07,46.51
9003-CPATH,0.582,79.9,557.64,46.47
5136-KCKGI,0.448,103.7,557.46,46.45
3208-YPIOE,0.617,75.25,557.16,46.43
8751-EDEKA,0.516,89.9,557.17,46.43
3870-MQAMG,0.421,110.35,556.92,46.41
0913-XWSCN,0.542,85.5,556.55,46.38
6874-SGLHU,0.478,97.0,556.17,46.35
8802-UNOJF,0.553,83.8,556.17,46.35
3415-TAILE,0.705,65.7,555.85,46.32
5298-GSTLM,0.457,101.4,555.84,46.32
6416-YJTTB,0.582,79.5,555.63,46.3
9824-BEMCV,0.671,69.0,555.48,46.29
3807-BPOMJ,0.488,94.75,555.33,46.28
8647-SDTWQ,0.622,74.3,554.98,46.25
0130-SXOUN,0.517,89.4,554.75,46.23
6425-YQLLO,0.436,105.95,554.28,46.19
0927-LCSMG,0.619,74.65,554.13,46.18
7503-QQRVF,0.621,74.3,554.13,46.18
2455-USLMV,0.545,84.75,554.18,46.18
2122-YWVYA,0.612,75.4,554.08,46.17
5708-EVONK,0.494,93.4,554.02,46.17
3891-PUQOD,0.78,59.2,553.95,46.16
8417-GSODA,0.501,92.2,553.97,46.16
7134-MJPDY,0.448,102.85,553.03,46.09
2252-JHJGE,0.442,104.0,552.13,46.01
7718-RXDGG,0.671,68.6,551.96,46.0
3137-LUPIX,0.714,64.4,551.48,45.96
4074-SJFFA,0.839,54.75,551.16,45.93
5140-FOMCQ,0.421,109.15,550.87,45.91
3518-PZXZQ,0.83,55.3,550.79,45.9
0409-WTMPL,0.415,110.65,550.68,45.89
2272-JKMSI,0.414,110.8,550.0,45.83
7927-AUXBZ,0.538,85.15,549.73,45.81
0639-TSIQW,0.445,102.95,549.64,45.8
8519-QJGJD,0.608,75.35,549.65,45.8
2207-QPJED,0.509,90.0,549.65,45.8
1304-BCCFO,0.653,70.05,549.24,45.77
3987-KQDDU,0.605,75.6,549.16,45.76
5827-MWCZK,0.472,96.95,549.14,45.76
1307-TVUFB,0.576,79.35,548.88,45.74
8091-TTVAX,0.456,100.35,548.77,45.73
1229-RCALF,0.398,115.0,548.62,45.72
1448-CYWKC,0.434,105.2,548.27,45.69
1228-ZLNBX,0.607,75.3,548.06,45.67
7562-UXTPG,0.651,70.15,547.95,45.66
4116-TZAQJ,0.615,74.25,547.74,45.64
9688-YGXVR,0.518,88.15,547.55,45.63
6173-ITPWD,0.547,83.35,547.28,45.61
6017-PPLPX,0.647,70.45,546.93,45.58
6022-UGGSO,0.611,74.4,545.25,45.44
3995-WFCSM,0.747,60.85,545.21,45.43
8920-NAVAY,0.41,110.75,544.95,45.41
2842-BCQGE,0.602,75.35,544.64,45.39
3211-ILJTT,0.645,70.4,544.74,45.39
1928-BXYIV,0.742,61.15,544.65,45.39
3814-MLAXC,0.568,79.85,543.98,45.33
1135-HIORI,0.407,111.45,543.87,45.32
9169-BSVIN,0.606,74.75,543.55,45.3
4194-WHFCB,0.468,96.65,543.35,45.28
9659-ZTWSM,0.422,107.35,543.41,45.28
5419-JKZNQ,0.581,77.9,542.81,45.23
7587-AOVVU,0.449,100.75,542.48,45.21
2731-GJRDG,0.413,109.55,542.45,45.2
6692-YQHXC,0.646,69.95,542.17,45.18
1174-FGIFN,0.499,90.45,542.04,45.17
5274-XHAKY,0.479,94.3,541.89,45.16
4351-QLCSU,0.821,55.0,541.88,45.16
6689-VRRTK,0.411,109.8,541.81,45.15
2884-GBPFB,0.641,70.3,541.16,45.1
0585-EGDDA,0.563,80.0,540.48,45.04
2873-ZLIWT,0.531,84.85,540.45,45.04
3677-TNKIO,0.634,71.0,540.37,45.03
8348-HFYIV,0.914,49.25,540.17,45.01
0691-JVSYA,0.474,94.85,539.83,44.99
5481-NTDOH,0.42,107.05,539.67,44.97
8597-CWYHH,0.477,94.35,539.64,44.97
5243-SAOTC,0.563,79.85,539.23,44.94
8020-BWHYL,0.596,75.3,538.72,44.89
8985-OOPOS,0.606,74.1,538.65,44.89
3537-HPKQT,0.576,77.75,537.82,44.82
4349-GFQHK,0.825,54.35,537.82,44.82
9029-FEGVJ,0.565,79.3,537.21,44.77
6557-BZXLQ,0.642,69.65,536.89,44.74
3329-WDIOK,0.883,50.6,536.03,44.67
2673-CXQEU,0.404,110.5,536.01,44.67
2585-KTFRE,0.634,70.45,535.89,44.66
9909-IDLEK,0.461,96.8,535.84,44.65
1470-PSXNM,0.477,93.65,535.7,44.64
1518-VOWAV,0.598,74.65,535.74,44.64
4484-CGXFK,0.807,55.3,535.55,44.63
5734-EJKXG,0.376,118.6,535.53,44.63
3404-JNXAX,0.553,80.75,535.47,44.62
2960-NKRSO,0.519,85.95,535.41,44.62
2386-LAHRK,0.834,53.5,535.36,44.61
1169-WCVAK,0.502,88.8,535.02,44.59
3190-XFANI,0.443,100.6,535.03,44.59
6994-KERXL,0.797,55.9,534.96,44.58
4720-VSTSI,0.526,84.8,534.97,44.58
9705-IOVQQ,0.45,99.0,534.92,44.58
5173-WXOQV,0.694,64.2,534.82,44.57
1689-MRZQR,0.569,78.3,534.7,44.56
1024-KPRBB,0.5,89.1,534.53,44.54
3923-CSIHK,0.626,71.05,533.99,44.5
2853-CWQFQ,0.747,59.55,533.71,44.48
2659-VXMWZ,0.4,111.3,533.67,44.47
9402-CXWPL,0.449,98.9,533.43,44.45
6723-WSNTY,0.411,108.1,533.37,44.45
7020-OZKXZ,0.588,75.5,532.64,44.39
2479-BRAMR,0.53,83.75,532.52,44.38
7767-UXAGJ,0.878,50.45,531.63,44.3
4929-BSTRX,0.827,53.55,531.43,44.29
3511-APPBJ,0.443,99.95,531.12,44.26
7318-EIVKO,0.747,59.25,531.05,44.25
2189-UXTKY,0.559,79.2,530.91,44.24
5131-PONJI,0.489,90.4,530.57,44.21
6952-OMNWB,0.55,80.35,530.54,44.21
0959-WHOKV,0.446,99.0,530.41,44.2
1216-JWVUX,0.585,75.5,530.42,44.2
0867-LDTTC,0.588,75.15,530.16,44.18
3325-FUYCG,0.416,106.1,529.57,44.13
4710-FDUIZ,0.44,100.3,529.26,44.1
2740-TVLFN,0.879,50.15,528.85,44.07
8993-IZEUX,0.637,69.15,528.72,44.06
1436-ZMJAN,0.65,67.8,528.46,44.04
1710-RCXUS,0.487,90.35,528.44,44.04
9844-FELAJ,0.408,107.9,528.27,44.02
4098-NAUKP,0.519,84.65,527.61,43.97
2692-AQCPF,0.407,108.05,527.6,43.97
0520-FDVVT,0.429,102.35,527.14,43.93
9974-JFBHQ,0.443,99.15,526.91,43.91
9643-YBLUR,0.636,69.05,526.73,43.89
5522-NYKPB,0.51,85.9,526.13,43.84
3503-TYDAY,0.545,80.45,525.96,43.83
6907-FLBER,0.807,54.3,525.77,43.81
5543-QDCRY,0.777,56.4,525.56,43.8
3969-GYXEL,0.573,76.4,525.36,43.78
0248-IPDFW,0.874,50.1,525.26,43.77
8267-ZNYVZ,0.422,103.75,525.1,43.76
3014-WJKSM,0.581,75.3,524.79,43.73
8988-ECPJR,0.549,79.6,524.77,43.73
7248-VZQLC,0.513,85.2,524.67,43.72
8903-XEBGX,0.79,55.3,524.29,43.69
0956-ACVZC,0.464,94.1,524.2,43.68
0541-FITGH,0.703,62.15,524.06,43.67
1550-LOAHA,0.519,84.15,523.92,43.66
2969-QWUBZ,0.849,51.4,523.57,43.63
0599-XNYDO,0.625,69.8,523.45,43.62
6825-UYPFK,0.577,75.6,523.01,43.58
7967-HYCDE,0.616,70.7,522.85,43.57
3162-ZJZFU,0.471,92.55,522.65,43.55
8679-LZBMD,0.48,90.65,522.38,43.53
2834-SPCJV,0.517,84.1,522.0,43.5
9360-AHGNL,0.397,109.55,521.71,43.48
4913-EHYUI,0.416,104.55,521.4,43.45
6985-HAYWX,0.548,79.3,521.29,43.44
5895-QSXOD,0.62,70.05,521.17,43.43
4727-MCYZG,0.78,55.55,520.27,43.36
3707-LRWZD,0.516,84.05,520.23,43.35
8313-KTIHG,0.707,61.3,519.86,43.32
2722-VOJQL,0.41,105.65,519.72,43.31
7621-VPNET,0.504,85.9,519.49,43.29
2139-FQHLM,0.481,89.95,519.14,43.26
2636-OHFMN,0.891,48.55,519.12,43.26
2985-JUUBZ,0.58,74.55,518.92,43.24
8496-EJAUI,0.585,73.85,518.53,43.21
0330-BGYZE,0.421,102.5,517.77,43.15
3927-NLNRY,0.457,94.25,517.41,43.12
1541-ETJZO,0.695,62.05,517.32,43.11
1956-YIFGE,0.431,100.05,517.29,43.11
9722-UJOJR,0.609,70.75,516.94,43.08
0431-APWVY,0.478,90.1,516.99,43.08
5201-USSQZ,0.502,85.9,516.98,43.08
1217-VASWC,0.428,100.55,516.58,43.05
4248-HCETZ,0.54,79.65,516.23,43.02
0988-JRWWP,0.794,54.2,516.14,43.01
5678-VFNEQ,0.413,104.1,515.83,42.99
6769-DYBQN,0.505,85.0,515.53,42.96
9272-LSVYH,0.612,70.15,515.05,42.92
4465-VDKIQ,0.551,77.8,514.87,42.91
2190-BCXEC,0.544,78.85,514.26,42.86
9154-QDGTH,0.411,104.3,513.83,42.82
2178-PMGCJ,0.613,69.7,512.83,42.74
1636-NTNCO,0.839,50.95,512.72,42.73
8961-QDZZJ,0.449,95.0,512.14,42.68
6599-SFQVE,0.775,55.0,511.65,42.64
5172-MIGPM,0.65,65.55,511.37,42.61
4860-IJUDE,0.577,73.75,510.97,42.58
7398-LXGYX,0.502,84.8,510.8,42.57
8945-MUQUF,0.448,94.8,510.11,42.51
4118-CEVPF,0.384,110.8,510.13,42.51
3086-RUCRN,0.412,103.1,509.91,42.49
4201-JMNGR,0.761,55.8,509.75,42.48
8868-GAGIO,0.502,84.55,509.63,42.47
2153-MREFK,0.428,99.2,509.12,42.43
7426-WEIJX,0.524,80.95,508.9,42.41
9239-ZBZZV,0.884,47.95,508.69,42.39
2074-GUHPQ,0.457,92.7,508.11,42.34
1360-XFJMR,0.386,109.7,507.92,42.33
2284-VFLKH,0.426,99.25,507.84,42.32
4183-WCSEP,0.538,78.45,506.7,42.22
7964-VEXDG,0.525,80.35,506.63,42.22
9170-CCKOU,0.468,90.2,506.31,42.19
8445-DNBAE,0.843,50.05,506.27,42.19
3669-LVWZB,0.827,51.0,506.03,42.17
2232-DMLXU,0.764,55.2,505.97,42.16
7188-CBBBA,0.441,95.5,505.08,42.09
9774-NRNAU,0.496,84.8,504.93,42.08
5149-TGWDZ,0.402,104.55,504.68,42.06
6986-IJDHX,0.487,86.3,504.1,42.01
9833-TGFHX,0.432,97.1,503.76,41.98
0365-GXEZS,0.537,78.2,503.79,41.98
6097-EQISJ,0.41,102.45,503.46,41.96
6968-GMKPR,0.514,81.55,502.95,41.91
9943-VSZUV,0.554,75.7,502.83,41.9
0708-LGSMF,0.636,65.85,502.49,41.87
8725-JEDFD,0.606,69.05,502.31,41.86
2272-UOINI,0.533,78.5,502.15,41.85
7504-UWHNB,0.6,69.75,501.9,41.83
3780-YVMFA,0.61,68.55,501.89,41.82
8387-MOJJT,0.536,77.95,501.62,41.8
8023-QHAIO,0.544,76.85,501.26,41.77
7544-ZVIKX,0.398,105.05,501.16,41.76
4393-RYCRE,0.393,106.05,500.41,41.7
9101-BWFSS,0.384,108.55,499.89,41.66
1591-MQJTP,0.445,93.65,499.68,41.64
7284-BUYEC,0.817,50.95,499.39,41.62
7442-YGZFK,0.835,49.8,498.92,41.58
0961-ZWLVI,0.381,109.2,498.77,41.56
4749-VFKVB,0.829,50.1,498.45,41.54
5447-WZAFP,0.414,100.3,498.45,41.54
7568-PODML,0.916,45.3,498.21,41.52
4931-TRZWN,0.577,71.95,497.91,41.49
5839-SUYVZ,0.556,74.55,497.54,41.46
1025-FALIX,0.6,69.05,497.12,41.43
3313-QKNKB,0.484,85.55,496.79,41.4
6048-QBXKL,0.732,56.55,496.65,41.39
6608-QQLVK,0.819,50.5,496.13,41.34
2737-WFVYW,0.914,45.25,496.1,41.34
2474-LCNUE,0.561,73.65,495.9,41.32
3334-CTHOL,0.826,49.95,495.03,41.25
0442-ZXKVS,0.356,115.6,494.42,41.2
0621-HJWXJ,0.505,81.55,494.23,41.19
9445-ZUEQE,0.483,85.2,494.12,41.18
7798-JVXYM,0.591,69.65,493.82,41.15
2898-MRKPI,0.407,101.05,493.74,41.15
6227-FBDXH,0.413,99.5,493.66,41.14
4918-FYJNT,0.455,90.45,493.66,41.14
1596-BBVTG,0.545,75.35,492.99,41.08
3541-ZNUHK,0.483,85.1,492.78,41.06
8294-UIMBA,0.435,94.4,492.7,41.06
0734-OXWBT,0.581,70.7,492.57,41.05
7929-DMBCV,0.507,81.0,492.42,41.04
2100-BDNSN,0.603,67.95,491.97,41.0
2240-HSJQD,0.501,81.85,491.75,40.98
1591-NFNLQ,0.512,80.0,491.68,40.97
1502-XFCVR,0.385,106.45,491.38,40.95
7404-JLKQG,0.711,57.55,491.15,40.93
9734-UYXQI,0.829,49.4,491.21,40.93
4789-KWMXN,0.369,110.85,491.09,40.92
5440-VHLUL,0.389,105.2,490.65,40.89
5168-MQQCA,0.376,108.5,489.81,40.82
6402-EJMWF,0.738,55.3,489.56,40.8
2560-PPCHE,0.388,105.05,489.17,40.76
9842-EFSYY,0.712,57.2,488.89,40.74
6078-VESFR,0.578,70.45,488.69,40.72
4343-EJVQB,0.548,74.35,488.55,40.71
1582-RAFML,0.677,60.1,488.56,40.71
3164-AALRN,0.581,70.0,488.09,40.67
5966-EMAZU,0.374,108.5,487.58,40.63
1251-KRREG,0.747,54.4,487.34,40.61
4323-OHFOW,0.385,105.55,487.21,40.6
8634-CILSZ,0.388,104.7,487.08,40.59
6726-WEXXK,0.472,85.9,487.05,40.59
0853-NWIFK,0.405,100.3,487.03,40.59
4317-VTEOA,0.8,50.75,486.94,40.58
5325-UWTWJ,0.448,90.55,486.95,40.58
0822-QGCXA,0.484,83.85,486.78,40.57
2669-QVCRG,0.499,81.3,486.6,40.55
6728-DKUCO,0.389,104.15,485.96,40.5
9210-IAHGH,0.572,70.75,485.63,40.47
4869-EPIUS,0.5,80.9,485.57,40.46
5376-PCKNB,0.387,104.45,484.75,40.4
5060-TQUQN,0.483,83.55,484.73,40.39
3583-KRKMD,0.531,75.9,484.03,40.34
9475-NNDGC,0.356,113.15,483.94,40.33
7296-PIXQY,0.575,70.2,483.97,40.33
3658-KIBGF,0.734,54.9,483.77,40.31
5433-KYGHE,0.468,86.0,482.93,40.24
4184-VODJZ,0.44,91.35,482.7,40.22
4250-ZBWLV,0.371,108.45,482.58,40.22
2495-INZWQ,0.902,44.55,482.2,40.18
7240-ETPTR,0.824,48.75,482.02,40.17
1170-SASML,0.47,85.4,481.24,40.1
8544-GOQSH,0.501,80.05,481.06,40.09
1450-SKCVI,0.542,73.85,480.35,40.03
8444-WRIDW,0.497,80.45,480.25,40.02
5312-IRCFR,0.431,92.85,480.26,40.02
0206-TBWLC,0.349,114.65,480.09,40.01
9948-YPTDG,0.503,79.45,479.8,39.98
6797-UCJHZ,0.382,104.6,479.21,39.93
2070-FNEXE,0.522,76.45,478.92,39.91
2475-MROZF,0.419,95.0,477.43,39.79
6647-ZEDXT,0.36,110.45,477.41,39.78
6429-SHBCB,0.572,69.6,477.41,39.78
7401-RUBNK,0.532,74.8,477.17,39.76
5811-IWXYM,0.393,101.25,477.05,39.75
1260-TTRXI,0.731,54.3,476.38,39.7
1020-JPQOW,0.438,90.55,476.33,39.69
0643-OKLRP,0.494,80.35,475.96,39.66
6646-JPPHA,0.503,78.85,475.69,39.64
2235-DWLJU,0.892,44.4,475.52,39.63
6668-CNMFP,0.443,89.35,475.43,39.62
6538-POCHL,0.501,79.0,475.32,39.61
4678-DVQEO,0.758,52.2,475.01,39.58
5188-HGMLP,0.535,74.0,474.89,39.57
3316-UWXUY,0.423,93.5,474.74,39.56
3786-WOVKF,0.37,106.85,474.55,39.55
5141-ZUVBH,0.425,93.0,474.15,39.51
9249-FXSCK,0.355,111.25,474.09,39.51
8375-KVTHK,0.394,100.3,473.99,39.5
2234-XADUH,0.383,103.2,473.69,39.47
8189-HBVRW,0.434,90.8,473.42,39.45
9819-FBNSV,0.546,72.25,473.32,39.44
2782-LFZVW,0.668,58.95,472.78,39.4
8728-SKJLR,0.531,74.25,472.84,39.4
7615-ESMYF,0.883,44.6,472.51,39.38
0595-ITUDF,0.429,91.8,472.57,39.38
9058-HRZSV,0.416,94.4,471.65,39.3
4868-AADLV,0.338,116.25,471.38,39.28
3982-DQLUS,0.458,85.75,471.24,39.27
8849-PRIQJ,0.359,109.4,471.23,39.27
7351-KYHQH,0.605,64.95,471.16,39.26
4472-VESGY,0.4,98.15,471.04,39.25
4567-AKPIA,0.36,109.1,470.75,39.23
8433-WPJTV,0.378,103.9,470.77,39.23
8008-HAWED,0.772,50.75,470.43,39.2
6702-OHFWR,0.905,43.3,470.36,39.2
1373-ORVIZ,0.59,66.35,470.03,39.17
4476-OSWTN,0.354,110.55,469.98,39.16
7905-TVXTA,0.608,64.35,469.52,39.13
3858-XHYJO,0.369,105.75,468.3,39.02
2103-ZRXFN,0.769,50.75,468.09,39.01
9139-WQQDY,0.388,100.45,467.51,38.96
1297-VQDRP,0.363,107.15,466.75,38.9
9058-CBREO,0.768,50.55,466.0,38.83
9752-ZNQUT,0.799,48.6,465.8,38.82
9637-EIHEQ,0.763,50.8,465.34,38.78
8645-KWHJO,0.705,55.0,465.26,38.77
4067-HLYQI,0.551,70.4,465.15,38.76
0295-QVKPB,0.606,63.95,464.71,38.73
2722-JMONI,0.782,49.55,464.75,38.73
5740-YHGTW,0.396,97.55,464.09,38.67
3317-HRTNN,0.846,45.7,464.04,38.67
1356-MKYSK,0.492,78.65,463.97,38.66
9761-XUJWD,0.588,65.6,463.21,38.6
7356-IWLFW,0.482,80.0,462.92,38.58
9732-KPKBW,0.715,53.95,462.91,38.58
7112-OPOTK,0.565,68.25,462.42,38.54
7129-ACFOG,0.716,53.8,462.23,38.52
4558-FANTW,0.419,91.85,462.1,38.51
1867-TJHTS,0.483,79.8,462.06,38.5
6641-XRPSU,0.55,70.0,461.81,38.48
8064-RAVOH,0.772,49.85,461.61,38.47
3865-QBWSJ,0.478,80.45,461.56,38.46
8769-KKTPH,0.386,99.65,461.57,38.46
1791-PQHBB,0.626,61.2,459.95,38.33
9667-TKTVZ,0.705,54.35,459.71,38.31
3716-UVSPD,0.777,49.3,459.73,38.31
2626-URJFX,0.752,50.9,459.6,38.3
1732-FEKLD,0.404,94.75,459.43,38.29
1536-HBSWP,0.767,49.9,459.01,38.25
6680-NENYN,0.366,104.6,459.02,38.25
6333-YDVLT,0.348,110.0,458.77,38.23
7147-AYBAA,0.543,70.35,458.55,38.21
0257-ZESQC,0.507,75.2,457.94,38.16
5934-TSSAU,0.506,75.3,457.42,38.12
7730-IUTDZ,0.506,75.2,456.84,38.07
1422-DGUBX,0.48,79.25,456.23,38.02
5485-WUYWF,0.573,66.4,456.23,38.02
6218-KNUBD,0.639,59.45,455.54,37.96
0786-IVLAW,0.351,108.1,454.96,37.91
8280-MQRQN,0.751,50.45,454.87,37.91
2748-MYRVK,0.379,99.9,454.62,37.89
1660-HSOOQ,0.763,49.65,454.64,37.89
9112-WSNPU,0.536,70.55,454.14,37.84
7596-LDUXP,0.444,85.15,453.88,37.82
0106-GHRQR,0.53,71.4,453.85,37.82
9578-VRMNM,0.58,65.2,453.85,37.82
9036-CSKBW,0.352,107.45,453.41,37.78
5198-EFNBM,0.417,90.65,453.29,37.77
1907-YLNYW,0.566,66.7,453.1,37.76
6341-AEVKX,0.362,104.3,452.83,37.74
4138-NAXED,0.466,81.0,452.79,37.73
6897-UUBNU,0.421,89.65,452.47,37.71
9767-FFLEM,0.542,69.5,451.86,37.66
5949-HGVJL,0.515,73.05,451.83,37.65
1564-HJUVY,0.591,63.75,451.82,37.65
5985-BEHZK,0.359,105.0,451.73,37.64
7511-YMXVQ,0.829,45.4,451.55,37.63
2135-RXIHG,0.823,45.65,451.06,37.59
2082-CEFLT,0.824,45.6,450.64,37.55
2379-GYFLQ,0.396,94.9,450.48,37.54
3956-CJUST,0.497,75.4,449.88,37.49
2995-UPRYS,0.378,99.2,449.59,37.47
8364-TRMMK,0.74,50.65,449.52,37.46
1810-BOHSY,0.388,96.4,449.35,37.45
6599-CEBNN,0.506,73.95,449.39,37.45
3346-BRMIS,0.774,48.35,449.2,37.43
1406-PUQVY,0.75,49.9,449.01,37.42
8547-NSBBO,0.387,96.75,449.0,37.42
9780-FKVVF,0.631,59.15,447.97,37.33
6128-CZOMY,0.816,45.65,447.18,37.26
0319-QZTCO,0.634,58.7,446.54,37.21
8356-WUAOJ,0.826,45.0,446.25,37.19
9494-BDNNC,0.39,95.3,446.01,37.17
3733-LSYCE,0.493,75.35,445.56,37.13
3018-TFTSU,0.454,81.7,445.24,37.1
7850-VWJUU,0.494,75.0,444.95,37.08
1845-ZLLIG,0.739,50.15,444.73,37.06
8623-ULFNQ,0.561,66.05,444.55,37.05
5077-DXTCG,0.817,45.3,444.31,37.03
4455-BFSPD,0.366,101.15,443.98,37.0
8705-WZCYL,0.826,44.8,443.97,37.0
9825-YCXWZ,0.366,101.1,443.88,36.99
3680-CTHUH,0.317,116.6,443.84,36.99
6927-WTFIV,0.519,71.3,443.74,36.98
0487-RPVUM,0.372,99.4,443.47,36.96
4373-VVHQL,0.826,44.75,443.55,36.96
1625-JAIIY,0.445,83.0,442.99,36.92
9261-WDCAF,0.674,54.65,442.32,36.86
7851-FLGGQ,0.825,44.65,442.07,36.84
7176-WIONM,0.739,49.85,441.96,36.83
2207-NHRJK,0.725,50.8,441.89,36.82
4800-CZMPC,0.356,103.25,441.44,36.79
9269-CQOOL,0.671,54.7,440.6,36.72
1396-QWFBJ,0.495,74.05,440.26,36.69
1017-FBQMM,0.346,106.05,440.24,36.69
2826-UWHIS,0.451,81.4,440.2,36.68
4957-TREIR,0.57,64.4,440.12,36.68
2582-FFFZR,0.724,50.6,439.75,36.65
2157-MXBJS,0.487,75.3,439.72,36.64
3521-SYVOR,0.566,64.75,439.62,36.64
9323-HGFWY,0.359,101.9,438.8,36.57
4676-MQUEA,0.359,101.9,438.79,36.57
3688-FTHLT,0.579,63.05,438.41,36.53
1047-NNCBF,0.518,70.55,438.32,36.53
3154-CFSZG,0.405,90.05,438.15,36.51
9584-EXCDZ,0.517,70.5,437.64,36.47
6202-DYYFX,0.479,76.0,436.95,36.41
8648-PFRMP,0.785,46.35,436.37,36.36
5268-DSMNQ,0.371,97.95,436.38,36.36
9108-EJFJP,0.678,53.55,435.66,36.3
8779-QRDMV,0.916,39.65,435.64,36.3
7128-GGCNO,0.498,72.8,435.42,36.28
6689-KXGBO,0.716,50.55,434.46,36.21
6769-DCQLI,0.345,105.0,434.37,36.2
4855-SNKMY,0.821,44.1,434.4,36.2
6288-LBEAR,0.458,79.1,434.34,36.2
8878-HMWBV,0.736,49.15,434.22,36.18
6896-SRVYQ,0.49,73.85,434.02,36.17
2684-EIWEO,0.394,91.7,433.61,36.13
3865-YIOTT,0.34,106.1,433.22,36.1
7339-POGZN,0.711,50.7,432.74,36.06
8905-IAZPF,0.377,95.65,432.68,36.06
8849-GYOKR,0.338,106.55,432.5,36.04
9206-GVPEQ,0.662,54.45,432.24,36.02
2750-BJLSB,0.347,103.7,432.25,36.02
8601-QACRS,0.711,50.6,431.97,36.0
1573-LGXBA,0.369,97.55,431.72,35.98
3642-GKTCT,0.312,115.1,431.44,35.95
1471-GIQKQ,0.719,49.95,430.75,35.9
7273-TEFQD,0.872,41.15,430.56,35.88
7133-VBDCG,0.449,79.85,430.38,35.86
3865-ZYKAD,0.422,84.9,430.16,35.85
4797-AXPXK,0.597,60.0,430.12,35.84
2957-JIRMN,0.424,84.45,429.81,35.82
0191-ZHSKZ,0.478,74.75,429.19,35.77
9651-GTSAQ,0.337,106.1,428.97,35.75
4883-QICIH,0.512,69.75,428.91,35.74
7895-VONWT,0.74,48.25,428.62,35.72
2115-BFTIW,0.503,70.95,428.67,35.72
6581-NQCBA,0.715,49.95,428.58,35.72
5146-CBVOE,0.475,75.1,428.42,35.7
9500-LTVBP,0.446,80.05,428.2,35.68
7000-WCEVQ,0.579,61.6,427.89,35.66
4065-JJAVA,0.72,49.5,427.93,35.66
4824-GUCBY,0.436,81.7,427.94,35.66
6959-UWKHF,0.831,42.9,427.88,35.66
5047-LHVLY,0.711,50.15,427.71,35.64
9522-BNTHX,0.633,56.25,427.55,35.63
6360-SVNWV,0.484,73.55,427.58,35.63
8806-EAGWC,0.646,55.15,427.39,35.62
5898-IGSLP,0.399,89.3,427.48,35.62
6198-PNNSZ,0.324,109.8,427.26,35.61
1409-PHXTF,0.322,110.45,426.84,35.57
3509-GWQGF,0.508,70.0,426.88,35.57
7794-JASDG,0.7,50.75,426.27,35.52
3055-OYMSE,0.481,73.8,426.18,35.51
1142-IHLOO,0.406,87.55,426.05,35.5
6888-SBYAI,0.7,50.7,425.98,35.5
0003-MKNFE,0.592,59.9,425.77,35.48
9828-AOQLM,0.776,45.7,425.68,35.47
5924-IFQTT,0.487,72.8,425.3,35.44
6127-IYJOZ,0.773,45.85,425.05,35.42
7661-CPURM,0.404,87.7,424.89,35.41
0096-BXERS,0.703,50.35,424.7,35.39
3043-TYBNO,0.583,60.65,424.29,35.36
0212-ISBBF,0.702,50.35,424.3,35.36
8894-JVDCV,0.307,115.05,424.28,35.36
4628-WQCQQ,0.415,85.15,424.12,35.34
3522-CDKHF,0.468,75.5,423.92,35.33
8654-DHAOW,0.651,54.15,423.05,35.25
7716-YTYHG,0.43,82.05,422.94,35.25
6185-TASNN,0.76,46.3,422.46,35.21
0215-BQKGS,0.418,84.3,422.36,35.2
4257-GAESD,0.782,45.0,422.45,35.2
7881-EVUAD,0.825,42.6,421.89,35.16
0260-ZDLGK,0.482,72.9,421.55,35.13
9474-PHLYD,0.59,59.45,421.09,35.09
6572-ADKRS,0.469,74.8,421.13,35.09
1976-CFOCS,0.763,46.0,421.1,35.09
4237-RLAQD,0.765,45.85,420.96,35.08
3301-LSLWQ,0.53,66.1,420.72,35.06
5133-POWUA,0.765,45.8,420.6,35.05
7470-MCQTK,0.719,48.75,420.65,35.05
8421-WZOOW,0.368,95.3,420.44,35.04
1480-IVEVR,0.429,81.6,420.42,35.04
0067-DKWBL,0.711,49.25,420.24,35.02
5285-MVEHD,0.332,105.6,420.15,35.01
4918-QLLIW,0.655,53.4,420.03,35.0
9117-SHLZX,0.766,45.7,419.88,34.99
0887-HJGAR,0.766,45.7,419.88,34.99
0292-WEGCH,0.406,86.2,419.81,34.98
1304-SEGFY,0.357,97.85,419.63,34.97
7607-QKKTJ,0.368,95.0,419.49,34.96
9644-KVCNC,0.379,92.15,419.37,34.95
8757-TFHHJ,0.701,49.8,419.07,34.92
7879-CGSFV,0.346,100.9,418.95,34.91
6686-YPGHK,0.408,85.5,418.84,34.9
3566-HJGPK,0.766,45.55,418.79,34.9
0856-NAOES,0.573,60.9,418.84,34.9
1996-DBMUS,0.494,70.65,418.74,34.89
4816-JBHOV,0.779,44.7,417.92,34.83
8627-ZYGSZ,0.441,78.9,417.35,34.78
2962-XPMCQ,0.77,45.15,417.08,34.76
9588-OZDMQ,0.772,45.0,416.72,34.73
1679-JRFBR,0.321,108.15,416.25,34.69
5968-XQIVE,0.386,89.7,415.95,34.66
5732-IKGQH,0.332,104.45,415.61,34.63
5696-QURRL,0.768,45.05,415.15,34.6
4361-JEIVL,0.779,44.4,415.21,34.6
8952-WCVCD,0.331,104.45,414.86,34.57
4706-DGAHW,0.764,45.2,414.56,34.55
7964-ZRKKG,0.391,88.4,414.44,34.54
8950-MTZNV,0.768,44.95,414.42,34.53
7359-PTSXY,0.755,45.75,414.33,34.53
3754-DXMRT,0.782,44.15,414.11,34.51
8710-YGLWG,0.768,44.9,414.05,34.5
8080-DDEMJ,0.765,45.1,413.84,34.49
0617-FHSGK,0.458,75.2,413.75,34.48
6519-CFDBX,0.76,45.4,413.81,34.48
6128-AQBMT,0.639,53.95,413.58,34.47
9514-JDSKI,0.857,40.2,413.19,34.43
0224-HJAPT,0.73,47.15,413.12,34.43
3926-CUQZX,0.763,45.1,413.04,34.42
0322-YINQP,0.709,48.55,413.06,34.42
7312-XSBAT,0.692,49.75,412.91,34.41
2275-RBYQS,0.758,45.4,412.96,34.41
5692-FPTAH,0.758,45.4,412.96,34.41
9896-UYMIE,0.301,114.3,412.83,34.4
3946-MHCZW,0.675,50.9,412.33,34.36
6967-QIQRV,0.337,101.9,412.33,34.36
7065-YUNRY,0.758,45.3,412.25,34.35
4581-LNWUM,0.698,49.15,411.86,34.32
5404-GGUKR,0.668,51.35,411.43,34.29
2519-ERQOJ,0.628,54.6,411.28,34.27
5552-ZNFSJ,0.756,45.3,411.15,34.26
1963-SVUCV,0.756,45.3,411.15,34.26
4080-IIARD,0.449,76.2,410.66,34.22
0224-RLWWD,0.773,44.3,410.69,34.22
6614-VBEGU,0.493,69.45,410.58,34.21
4851-BQDNX,0.402,85.05,410.19,34.18
4226-KKDON,0.513,66.65,409.93,34.16
7825-GKXMW,0.746,45.8,409.74,34.14
0082-LDZUE,0.771,44.3,409.63,34.14
2257-BOVXD,0.512,66.6,409.42,34.12
4402-FTBXC,0.38,89.8,409.18,34.1
6345-ULYRW,0.385,88.4,408.93,34.08
2043-WVTQJ,0.612,55.7,408.96,34.08
0374-AACSZ,0.68,50.15,408.98,34.08
5896-NPFWW,0.679,50.15,408.74,34.06
7663-RGWBC,0.771,44.15,408.52,34.04
1347-KTTTA,0.332,102.45,408.39,34.03
7856-GANIL,0.345,98.7,408.33,34.03
0665-XHDJU,0.342,99.4,408.11,34.01
6876-ADESB,0.695,48.95,408.02,34.0
6704-UTUKK,0.74,45.9,407.68,33.97
7789-CRUVC,0.36,94.2,407.46,33.96
7377-DMMRI,0.711,47.8,407.57,33.96
8213-TAZPM,0.312,108.75,407.28,33.94
2931-FSOHN,0.566,59.9,407.14,33.93
7740-BTPUX,0.299,113.6,407.02,33.92
4080-OGPJL,0.477,71.15,406.96,33.91
4847-QNOKA,0.755,44.9,406.87,33.91
0013-MHZWF,0.489,69.4,406.94,33.91
0931-MHTEM,0.339,100.05,406.43,33.87
6595-COKXZ,0.761,44.45,406.15,33.85
1100-DDVRV,0.68,49.8,406.16,33.85
1794-HBQTJ,0.696,48.6,406.0,33.83
7080-TNUWP,0.356,95.0,405.84,33.82
8720-RQSBJ,0.769,44.0,405.8,33.82
9332-GYWLO,0.616,54.85,405.78,33.81
8180-AKMJV,0.759,44.55,405.65,33.8
3446-QDSZF,0.609,55.5,405.59,33.8
3466-WAESX,0.489,69.1,405.39,33.78
3961-SXAXY,0.767,44.05,405.39,33.78
3572-UOLYZ,0.398,84.8,405.35,33.78
1589-AGTLK,0.745,45.35,405.25,33.77
1612-EOHDH,0.748,45.15,405.24,33.77
4282-MSACW,0.288,117.2,404.83,33.74
1543-LLLFT,0.343,98.3,404.65,33.72
1849-RJYIG,0.562,60.0,404.63,33.72
6650-VJONK,0.768,43.85,403.92,33.66
8910-LEDAG,0.47,71.55,403.77,33.65
5473-KHBPS,0.352,95.7,403.84,33.65
1465-LNTLJ,0.522,64.4,403.62,33.63
0623-GDISB,0.694,48.45,403.51,33.63
8561-NMTBD,0.299,112.35,403.27,33.61
3410-MHHUM,0.356,94.4,403.03,33.59
9214-EKVXR,0.763,44.0,402.89,33.57
2270-CHBFN,0.353,95.1,402.86,33.57
8286-AFUYI,0.699,47.95,402.3,33.53
2889-FPWRM,0.284,117.8,402.02,33.5
1942-OQFRW,0.761,44.0,401.83,33.49
5568-DMXZS,0.511,65.45,401.56,33.46
3842-IYKUE,0.392,85.3,401.22,33.43
0277-BKSQP,0.615,54.4,401.16,33.43
9079-LWTFD,0.332,100.75,401.02,33.42
6313-GIDIT,0.613,54.45,400.7,33.39
4274-DRSQT,0.375,88.9,400.48,33.37
7632-MNYOY,0.301,110.9,400.27,33.36
6749-UTDVX,0.322,103.65,400.36,33.36
3577-AMVUX,0.606,55.05,400.32,33.36
1346-PJWTK,0.354,94.15,400.28,33.36
2831-EBWRN,0.727,45.9,400.22,33.35
0601-WZHJF,0.719,46.35,399.96,33.33
5515-RUGKN,0.608,54.75,399.52,33.29
6243-OZGFH,0.741,44.95,399.48,33.29
5686-CMAWK,0.383,86.75,398.89,33.24
7459-RRWQZ,0.514,64.65,398.61,33.22
9631-XEYKE,0.659,50.4,398.47,33.21
5493-SDRDQ,0.602,55.1,397.92,33.16
0603-OLQDC,0.475,69.85,397.76,33.15
9992-UJOEL,0.659,50.3,397.63,33.14
4468-KAZHE,0.552,60.0,397.17,33.1
3748-FVMZZ,0.825,40.05,396.64,33.05
5057-LCOUI,0.651,50.75,396.38,33.03
1478-VPOAD,0.753,43.8,395.75,32.98
0749-IRGQE,0.728,45.3,395.73,32.98
3714-JTVOV,0.445,74.15,395.58,32.96
0471-LVHGK,0.451,73.0,395.29,32.94
3165-HDOEW,0.718,45.85,394.99,32.92
3776-EKTKM,0.903,36.45,394.78,32.9
6905-NIQIN,0.65,50.65,394.8,32.9
6465-GSRCL,0.308,106.6,394.41,32.87
8199-ZLLSA,0.278,118.35,394.18,32.85
6923-EFPNL,0.634,51.75,393.59,32.8
8257-RZAHR,0.507,64.7,393.58,32.8
1871-MOWRM,0.406,80.85,393.63,32.8
4908-XAXAY,0.365,89.85,393.17,32.76
0795-GMVQO,0.298,109.9,392.88,32.74
7587-RZNME,0.756,43.3,392.56,32.71
2972-YDYUW,0.345,94.7,392.05,32.67
9661-MHUMO,0.663,49.25,391.94,32.66
8166-ORCHU,0.349,93.55,391.47,32.62
7594-LZNWR,0.472,69.15,391.36,32.61
5630-AHZIL,0.505,64.5,390.94,32.58
9462-MJUAW,0.646,50.4,390.9,32.58
9972-VAFJJ,0.346,94.0,390.58,32.55
0186-CAERR,0.28,116.3,390.61,32.55
6135-OZQVA,0.607,53.65,390.62,32.55
8773-HHUOZ,0.503,64.7,390.52,32.54
0841-NULXI,0.914,35.55,389.77,32.48
5136-RGMZO,0.457,71.05,389.66,32.47
6338-AVWCY,0.809,40.15,389.62,32.47
0463-ZSDNT,0.572,56.75,389.51,32.46
2758-RNWXS,0.364,89.2,389.49,32.46
5240-CAOYT,0.371,87.55,389.38,32.45
3091-FYHKI,0.914,35.45,388.74,32.4
1226-UDFZR,0.653,49.6,388.56,32.38
6322-PJJDJ,0.342,94.8,388.54,32.38
2359-QWQUL,0.309,104.7,388.43,32.37
9480-BQJEI,0.351,92.3,388.43,32.37
6921-OZMFH,0.581,55.7,388.35,32.36
7729-JTEEC,0.726,44.5,387.94,32.33
8096-LOIST,0.575,56.2,387.82,32.32
3842-QTGDL,0.4,80.75,387.68,32.31
8329-GWVPJ,0.463,69.75,387.16,32.26
1853-ARAAQ,0.64,50.35,386.87,32.24
1548-ARAGG,0.551,58.5,386.59,32.22
7055-HNEOJ,0.577,55.8,386.62,32.22
6038-GCYEC,0.595,54.15,386.32,32.19
5378-IKEEG,0.9,35.75,386.13,32.18
7824-PANSQ,0.399,80.65,385.96,32.16
9114-VEPUF,0.335,96.1,385.75,32.15
0365-TRTPY,0.353,91.2,385.78,32.15
6227-HWPWX,0.466,69.0,385.6,32.13
2720-FVBQP,0.656,48.95,385.16,32.1
4816-OKWNX,0.31,103.4,385.23,32.1
4075-JFPGR,0.343,93.5,384.95,32.08
6994-FGRHH,0.302,106.15,384.83,32.07
1394-SUIUH,0.376,85.15,384.53,32.04
5968-VXZLG,0.687,46.6,384.22,32.02
1703-MGIAB,0.464,69.0,384.28,32.02
3097-NNSPB,0.653,49.05,384.16,32.01
2181-UAESM,0.599,53.45,383.88,31.99
7623-TRNQN,0.641,49.9,383.81,31.98
7673-LPRNY,0.407,78.55,383.61,31.97
2277-VWCNI,0.656,48.75,383.51,31.96
5207-PLSTK,0.655,48.75,383.0,31.92
0516-OOHAR,0.318,100.35,383.04,31.92
7841-TZDMQ,0.693,46.0,382.66,31.89
7285-KLOTR,0.404,78.85,382.5,31.88
2696-ECXKC,0.316,100.9,382.42,31.87
7869-ZYDST,0.539,59.05,381.97,31.83
5223-UZAVK,0.316,100.3,380.9,31.74
6633-MPWBS,0.645,49.2,380.6,31.72
6655-LHBYW,0.277,114.35,380.6,31.72
7530-HDYDS,0.376,84.25,380.41,31.7
2903-YYTBW,0.711,44.55,380.15,31.68
6473-ULUHT,0.373,84.9,379.66,31.64
7733-UDMTP,0.575,55.0,379.67,31.64
4123-FCVCB,0.417,75.85,379.72,31.64
0774-IFUVM,0.486,65.15,379.67,31.64
6733-LRIZX,0.29,108.95,379.56,31.63
7940-UQQUG,0.303,104.4,379.17,31.6
4680-KUTAJ,0.568,55.6,379.04,31.59
4671-LXRDQ,0.702,45.0,379.01,31.58
4377-VDHYI,0.347,90.8,378.44,31.54
7593-XFKDI,0.681,46.3,378.34,31.53
5365-LLFYV,0.687,45.85,378.03,31.5
2625-TRCZQ,0.634,49.65,377.5,31.46
6142-VSJQO,0.709,44.35,377.3,31.44
7916-VCCPB,0.429,73.25,377.03,31.42
9254-RBFON,0.319,98.6,376.93,31.41
0618-XWMSS,0.419,74.9,376.75,31.4
7854-FOKSF,0.874,35.9,376.61,31.38
6804-GDMOI,0.294,106.6,376.52,31.38
0823-HSCDJ,0.638,49.15,376.45,31.37
6304-IJFSQ,0.628,49.9,376.33,31.36
1193-RTSLK,0.374,83.9,376.35,31.36
3669-OYSJI,0.679,46.2,376.26,31.35
4959-JOSRX,0.703,44.6,376.1,31.34
0375-HVGXO,0.902,34.7,375.56,31.3
3668-QPYBK,0.581,53.85,375.47,31.29
5669-SRAIP,0.792,39.5,375.5,31.29
2485-ITVKB,0.891,35.1,375.34,31.28
3144-AUDBS,0.636,49.15,375.18,31.26
5527-ACHSO,0.443,70.5,375.12,31.26
7025-IWFHT,0.349,89.55,375.1,31.26
7241-AJHFS,0.357,87.65,375.03,31.25
3278-FSIXX,0.69,45.25,374.51,31.21
9244-ZVAPM,0.684,45.6,374.27,31.19
9564-KCLHR,0.609,51.25,374.34,31.19
6859-RKMZJ,0.567,55.05,374.27,31.19
5206-XZZQI,0.387,80.6,374.11,31.18
3413-BMNZE,0.689,45.25,374.11,31.18
1101-SSWAG,0.61,51.1,374.05,31.17
9448-REEVD,0.697,44.7,373.88,31.16
0322-CHQRU,0.687,45.35,373.95,31.16
5533-NHFRF,0.702,44.4,373.81,31.15
3253-HKOKL,0.31,100.3,373.55,31.13
6959-GQEGV,0.41,75.95,373.36,31.11
7384-GHBPI,0.885,35.15,373.27,31.11
7129-AZJDE,0.394,78.95,373.14,31.09
6844-DZKRF,0.619,50.2,373.07,31.09
8402-EIVQS,0.308,100.9,372.93,31.08
4450-MDZFX,0.418,74.35,372.77,31.06
7734-DBOAI,0.774,40.1,372.6,31.05
9026-RNUJS,0.616,50.35,372.21,31.02
7826-VVKWT,0.321,96.55,371.99,31.0
7957-RYHQD,0.391,79.2,371.96,31.0
3347-YJZZE,0.387,80.1,371.97,31.0
1740-CSDJP,0.879,35.25,371.91,30.99
4374-YMUSQ,0.267,116.25,371.8,30.98
8695-WDYEA,0.604,51.25,371.64,30.97
5208-HFSBT,0.563,55.05,371.68,30.97
5201-FRKKS,0.417,74.3,371.36,30.95
2833-SLKDQ,0.686,45.05,371.02,30.92
5424-RLQLC,0.518,59.65,371.05,30.92
5522-JBWMO,0.702,44.0,370.53,30.88
4193-ORFCL,0.685,45.1,370.59,30.88
7054-LGEQW,0.672,45.95,370.53,30.88
8812-ZRHFP,0.357,86.45,370.1,30.84
8450-JOVAH,0.544,56.7,370.02,30.83
2637-FKFSY,0.668,46.1,369.65,30.8
4537-DKTAL,0.675,45.55,369.19,30.77
9746-MDMBK,0.271,113.45,369.15,30.76
0822-GAVAP,0.887,34.7,369.18,30.76
7250-EQKIY,0.61,50.45,368.99,30.75
8984-EYLLL,0.292,105.25,368.88,30.74
0048-LUMLS,0.337,91.2,368.73,30.73
8124-NZVGJ,0.624,49.25,368.71,30.73
2372-HWUHI,0.693,44.35,368.66,30.72
3841-CONLJ,0.877,35.0,368.34,30.69
4146-SVFUD,0.688,44.6,368.34,30.69
7516-GMHUV,0.292,105.05,368.01,30.67
0430-IHCDJ,0.626,49.0,367.9,30.66
5858-EAFCZ,0.689,44.45,367.44,30.62
7754-IXRMC,0.675,45.35,367.11,30.59
8268-YDIXR,0.328,93.15,367.05,30.59
6982-SSHFK,0.689,44.4,367.14,30.59
0461-CVKMU,0.365,83.8,366.91,30.58
6582-OIVSP,0.675,45.3,366.82,30.57
0311-QYWSS,0.618,49.45,366.63,30.55
9701-CDXHR,0.442,69.15,366.52,30.54
8263-OKETD,0.443,68.9,366.42,30.53
1265-XTECC,0.316,96.55,366.24,30.52
1271-SJBGZ,0.699,43.65,366.27,30.52
2716-GFZOR,0.354,86.1,366.09,30.51
7252-NTGSS,0.675,45.15,365.96,30.5
3798-EPWRR,0.694,43.95,365.9,30.49
4525-VZCZG,0.288,105.85,365.91,30.49
0308-GIQJT,0.288,105.75,365.56,30.46
0218-QNVAS,0.303,100.55,365.58,30.46
9693-XMUOB,0.606,50.25,365.45,30.45
4187-CINZD,0.319,95.25,365.06,30.42
8824-RWFXJ,0.541,56.15,364.53,30.38
8108-UXRQN,0.601,50.55,364.43,30.37
6035-RIIOM,0.312,97.2,364.47,30.37
2305-MRGLV,0.397,76.55,364.5,30.37
2273-QCKXA,0.619,49.05,364.33,30.36
2294-DMMUS,0.431,70.45,364.19,30.35
2530-FMFXO,0.294,103.2,364.08,30.34
2761-XECQW,0.699,43.35,363.82,30.32
1728-BQDMA,0.682,44.45,363.7,30.31
2266-SJNAT,0.278,109.15,363.78,30.31
2672-OJQZP,0.677,44.75,363.65,30.3
0549-CYCQN,0.38,79.6,363.09,30.26
7890-VYYWG,0.829,36.45,362.62,30.22
2607-FBDFF,0.616,49.0,362.36,30.2
6305-YLBMM,0.29,104.05,361.88,30.16
0415-MOSGF,0.679,44.4,361.61,30.13
8198-RKSZG,0.374,80.45,361.21,30.1
4223-WOZCM,0.603,49.95,361.16,30.1
1428-IEDPR,0.275,109.3,361.15,30.1
5949-EBSQK,0.488,61.45,360.2,30.02
8614-VGMMV,0.611,49.1,360.29,30.02
9700-ISPUP,0.458,65.5,359.79,29.98
9530-EHPOH,0.558,53.75,359.64,29.97
5846-QFDFI,0.338,88.6,358.89,29.91
3780-DDGSE,0.393,76.05,358.97,29.91
3085-QUOZK,0.681,43.95,358.96,29.91
0136-IFMYD,0.271,109.95,357.97,29.83
1895-QTKDO,0.678,43.95,357.53,29.79
6145-NNPNO,0.674,44.15,357.19,29.77
6599-GZWCM,0.399,74.65,357.14,29.76
4459-BBGHE,0.668,44.5,356.97,29.75
3132-TVFDZ,0.663,44.85,356.62,29.72
3701-SFMUH,0.426,69.7,356.13,29.68
0678-RLHVP,0.281,105.55,355.96,29.66
7993-NQLJE,0.395,75.1,355.84,29.65
7675-OZCZG,0.659,45.0,355.86,29.65
0096-FCPUF,0.459,64.5,355.05,29.59
1763-WQFUK,0.586,50.5,355.03,29.59
2460-FPSYH,0.53,55.8,354.96,29.58
4026-SKKHW,0.588,50.25,354.43,29.54
2019-HDCZY,0.287,102.6,353.77,29.48
1447-PJGGA,0.309,95.25,353.64,29.47
8885-QSQBX,0.595,49.55,353.63,29.47
1310-QRITU,0.585,50.3,353.4,29.45
2208-NQBCT,0.359,81.95,353.03,29.42
5175-AOBHI,0.639,46.0,352.72,29.39
7766-CLTIC,0.482,60.95,352.51,29.38
3090-LETTY,0.482,60.95,352.44,29.37
4950-BDEUX,0.597,49.2,352.4,29.37
9348-YVOMK,0.655,44.8,352.09,29.34
3164-YAXFY,0.546,53.75,351.9,29.33
3327-YBAKM,0.303,96.9,351.84,29.32
8388-FYNPZ,0.516,56.75,351.66,29.31
7820-ZYGNY,0.324,90.45,351.58,29.3
5921-NGYRH,0.398,73.55,351.61,29.3
0929-HYQEW,0.584,50.15,351.63,29.3
0274-JKUJR,0.498,58.85,351.34,29.28
4646-QZXTF,0.36,81.25,351.4,29.28
0239-OXEXL,0.347,84.25,351.11,29.26
1205-WNWPJ,0.491,59.5,350.75,29.23
7246-ZGQDF,0.536,54.5,350.61,29.22
2235-ZGKPT,0.574,50.85,350.31,29.19
3620-MWJNE,0.536,54.45,350.31,29.19
8229-TNIQA,0.644,45.3,350.07,29.17
1113-IUJYX,0.275,105.95,349.96,29.16
4673-KKSLS,0.333,87.6,349.53,29.13
4016-BJKTZ,0.267,108.9,349.47,29.12
3113-IWHLC,0.522,55.8,349.49,29.12
5343-SGUBI,0.363,80.2,349.18,29.1
0374-IOEGQ,0.652,44.6,348.99,29.08
1352-VHKAJ,0.405,71.6,347.95,29.0
0440-MOGPM,0.36,80.55,347.96,29.0
8980-WQFWL,0.466,62.1,347.29,28.94
3751-KTZEL,0.825,35.05,347.13,28.93
4109-CYRBD,0.559,51.6,346.23,28.85
2805-EDJPQ,0.289,99.75,346.03,28.84
7055-VKGDA,0.273,105.4,345.79,28.82
4827-LTQRJ,0.26,110.6,345.71,28.81
0036-IHMOT,0.278,103.7,345.56,28.8
9708-HPXWZ,0.634,45.4,345.39,28.78
0193-ESZXP,0.272,105.5,344.92,28.74
1545-ACTAS,0.288,99.7,344.92,28.74
5295-PCJOO,0.582,49.4,344.75,28.73
9281-PKKZE,0.652,43.95,344.12,28.68
5154-VEKBL,0.49,58.5,343.9,28.66
7579-OOPEC,0.572,50.15,343.93,28.66
2478-EEWWM,0.646,44.3,343.6,28.63
6257-RJOHI,0.563,50.8,343.47,28.62
4083-BFNYK,0.301,95.0,343.4,28.62
4482-FTFFX,0.51,56.15,343.36,28.61
5198-HQAEN,0.319,89.7,342.84,28.57
8201-AAXCB,0.473,60.35,342.26,28.52
6633-SYEUS,0.343,83.2,342.25,28.52
4389-UEFCZ,0.27,105.5,342.17,28.51
6383-ZTSIW,0.287,99.1,341.77,28.48
1950-KSVVJ,0.251,113.3,341.62,28.47
6794-HKIAJ,0.314,90.7,341.51,28.46
6837-HAEVO,0.271,105.0,341.56,28.46
1104-FEJAM,0.442,64.4,341.26,28.44
5073-WXOYN,0.56,50.8,341.21,28.43
4450-YOOHP,0.561,50.65,341.02,28.42
6849-OYAMU,0.284,100.0,341.09,28.42
4833-QTJNO,0.339,83.85,340.8,28.4
8652-YHIYU,0.357,79.5,340.72,28.39
9031-ZVQPT,0.262,108.2,340.16,28.35
2065-MMKGR,0.399,71.0,340.17,28.35
0864-FVJNJ,0.25,113.35,340.11,28.34
1041-RXHRA,0.403,70.25,339.56,28.3
3050-GBUSH,0.813,34.8,339.64,28.3
0980-PVMRC,0.556,50.85,339.47,28.29
9107-UKCKY,0.354,79.8,339.24,28.27
8008-ESFLK,0.256,110.5,338.82,28.23
3351-NGXYI,0.522,54.1,338.6,28.22
9142-KZXOP,0.409,68.85,338.3,28.19
1357-MVDOZ,0.472,59.65,337.88,28.16
6253-WRFHY,0.435,64.75,337.82,28.15
1131-SUEKT,0.286,98.45,337.67,28.14
9644-UMGQA,0.572,49.15,337.17,28.1
3656-TKRVZ,0.507,55.35,336.49,28.04
3736-BLEPA,0.307,91.25,336.53,28.04
1635-FJFCC,0.636,44.05,336.15,28.01
4355-CVPVS,0.315,88.9,335.74,27.98
7123-WQUHX,0.294,95.0,335.6,27.97
6507-DTJZV,0.421,66.4,335.49,27.96
5948-UJZLF,0.568,49.25,335.57,27.96
2419-FSORS,0.258,108.4,335.25,27.94
1215-VFYVK,0.579,48.25,335.16,27.93
4742-DRORA,0.292,95.4,334.03,27.84
3709-OIJEA,0.327,85.2,333.83,27.82
4208-UFFGW,0.619,44.95,333.75,27.81
0550-DCXLH,0.379,73.35,333.7,27.81
5027-XWQHA,0.621,44.75,333.62,27.8
5778-BVOFB,0.467,59.5,333.31,27.78
1095-WGNGG,0.275,101.05,333.39,27.78
2045-BMBTJ,0.467,59.45,333.21,27.77
0233-FTHAV,0.35,79.2,332.35,27.7
5103-MHMHY,0.602,45.95,332.03,27.67
1501-SGHBW,0.603,45.85,331.72,27.64
4767-HZZHQ,0.337,82.05,331.66,27.64
7776-QGYJC,0.339,81.5,331.4,27.62
5193-QLVZB,0.263,104.75,331.2,27.6
3230-WYKIR,0.336,82.0,330.64,27.55
2324-EFHVG,0.264,104.4,330.38,27.53
7551-DACSP,0.497,55.3,329.9,27.49
6421-SZVEM,0.332,82.85,329.78,27.48
7009-LGECI,0.544,50.55,329.79,27.48
8809-RIHDD,0.266,103.4,329.62,27.47
0580-PIQHM,0.27,101.6,329.5,27.46
4826-TZEVA,0.367,74.8,329.38,27.45
6295-OSINB,0.25,109.65,329.09,27.42
9501-UKKNL,0.53,51.7,329.06,27.42
5438-QMDDL,0.458,59.8,328.99,27.42
2842-JTCCU,0.595,46.05,329.06,27.42
4119-ZYPZY,0.257,106.8,328.94,27.41
7502-BNYGS,0.397,69.1,328.79,27.4
5707-ORNDZ,0.502,54.55,328.53,27.38
8805-JNRAZ,0.557,49.2,328.57,27.38
6297-NOOPG,0.248,110.5,328.22,27.35
4672-FOTSD,0.406,67.25,327.71,27.31
2796-UUZZO,0.34,80.3,327.77,27.31
2187-LZGPL,0.681,40.1,327.62,27.3
2001-EWBQU,0.261,104.7,327.62,27.3
7868-BGSZA,0.34,80.2,327.31,27.28
4432-ADRLB,0.61,44.65,327.08,27.26
0917-EZOLA,0.262,104.15,326.96,27.25
9089-UOWJG,0.467,58.35,326.76,27.23
2530-ENDWQ,0.291,93.7,326.73,27.23
0536-ACXIP,0.249,109.55,326.71,27.23
5013-SBUIH,0.248,109.65,326.67,27.22
5294-IMHHT,0.278,97.75,326.6,27.22
0052-DCKON,0.235,115.8,326.53,27.21
6854-EXGSF,0.415,65.5,326.39,27.2
2408-WITXK,0.784,34.7,326.37,27.2
6817-WTYHE,0.604,44.9,325.36,27.11
9505-SQFSW,0.671,40.3,324.62,27.05
7966-YOTQW,0.496,54.5,324.48,27.04
2947-DOMLJ,0.533,50.6,323.85,26.99
7669-LCRSD,0.479,56.3,323.66,26.97
0623-EJQEG,0.288,93.55,323.62,26.97
2237-ZFSMY,0.282,95.55,323.49,26.96
0701-TJSEF,0.395,68.25,323.45,26.95
8663-UPDGF,0.388,69.5,323.37,26.95
5600-PDUJF,0.544,49.5,323.32,26.94
7572-KPVKK,0.259,104.05,322.98,26.92
8399-YNDCH,0.448,60.05,322.99,26.92
6103-LIANB,0.27,99.5,322.77,26.9
7566-DSRLQ,0.244,110.15,322.84,26.9
4320-QMLLA,0.49,54.85,322.66,26.89
3428-MMGUB,0.3,89.55,322.57,26.88
2616-UUTFK,0.369,72.75,322.43,26.87
5087-SUURX,0.688,39.05,322.17,26.85
5673-TIYIB,0.664,40.4,322.04,26.84
5204-QZXPU,0.676,39.65,321.81,26.82
1575-KRZZE,0.486,55.2,321.72,26.81
2027-OAQQC,0.546,49.05,321.59,26.8
7175-NTIXE,0.352,76.15,321.53,26.79
8878-RYUKI,0.45,59.45,321.37,26.78
9138-EFSMO,0.338,78.95,320.34,26.69
3758-CKOQL,0.249,107.0,320.27,26.69
6207-WIOLX,0.455,58.6,320.3,26.69
6583-SZVGP,0.247,108.1,320.06,26.67
3571-DPYUH,0.281,94.7,319.62,26.63
1750-CSKKM,0.48,55.35,319.14,26.6
0516-UXRMT,0.289,92.05,318.94,26.58
1707-HABPF,0.291,91.3,319.01,26.58
2937-FTHUR,0.41,64.8,318.69,26.56
4415-WNGVR,0.335,79.2,318.72,26.56
3873-NFTGI,0.478,55.5,318.45,26.54
9537-VHDTA,0.518,51.2,318.52,26.54
9909-DFRJA,0.277,95.85,318.36,26.53
6575-SUVOI,0.381,69.5,317.97,26.5
4829-ZLJTK,0.236,112.4,317.98,26.5
9026-LHEVG,0.65,40.75,317.97,26.5
0621-TWIEM,0.582,45.55,317.9,26.49
2718-GAXQD,0.576,46.0,317.81,26.48
5197-PYEPU,0.28,94.45,317.32,26.44
2676-OXPPQ,0.474,55.7,317.15,26.43
2307-FYNNL,0.242,109.05,317.07,26.42
7159-NOKYQ,0.284,93.15,316.98,26.41
0872-JCPIB,0.401,65.75,316.7,26.39
1442-OKRJE,0.256,103.15,316.38,26.36
1355-KUSBG,0.539,48.8,315.92,26.33
1309-XGFSN,0.326,80.85,315.84,26.32
3683-QKIUE,0.518,50.8,315.84,26.32
3665-JATSN,0.663,39.7,315.65,26.3
9831-BPFRI,0.294,89.55,315.45,26.29
6625-UTXEW,0.513,51.25,315.25,26.27
2480-SQIOB,0.586,44.8,314.92,26.24
2911-UREFD,0.469,55.9,314.73,26.23
7016-NVRIC,0.291,90.1,314.75,26.23
6906-MPARY,0.293,89.6,314.67,26.22
3729-OWRVL,0.237,110.35,314.47,26.21
1453-RZFON,0.525,49.9,314.27,26.19
2195-VVRJF,0.443,59.1,313.91,26.16
1213-NGCUN,0.527,49.65,313.71,26.14
5027-YOCXN,0.237,110.05,313.45,26.12
7743-EXURX,0.512,51.05,313.48,26.12
9076-AXYIK,0.256,102.1,313.37,26.11
3173-NVMPX,0.472,55.3,313.29,26.11
4061-UKJWL,0.574,45.45,313.16,26.1
2433-KMEAS,0.479,54.45,313.21,26.1
3096-WPXBT,0.259,100.7,313.04,26.09
7611-YKYTC,0.348,75.0,312.99,26.08
9848-JQJTX,0.258,100.9,312.79,26.07
3070-BDOQC,0.262,99.65,312.8,26.07
5759-RCVCB,0.74,35.2,312.54,26.05
3426-NIYYL,0.504,51.55,312.04,26.0
4747-LCAQL,0.329,79.0,311.96,26.0
8066-POXGX,0.739,35.1,311.39,25.95
4566-QVRRW,0.589,44.05,311.44,25.95
4570-QHXHL,0.593,43.75,311.46,25.95
0744-GKNGE,0.299,86.8,311.25,25.94
5939-XAIXZ,0.461,56.1,310.5,25.87
0835-JKADZ,0.233,111.25,310.45,25.87
7799-DSEWS,0.379,68.35,310.49,25.87
1768-HNVGJ,0.369,70.05,310.37,25.86
5046-NUHWD,0.575,45.0,310.29,25.86
4431-EDMIQ,0.342,75.7,310.3,25.86
4423-JWZJN,0.287,90.25,310.31,25.86
4683-WYDOU,0.24,107.6,309.66,25.81
7876-BEUTG,0.528,48.8,309.46,25.79
7580-UGXNC,0.47,54.85,309.32,25.78
9415-TPKRV,0.462,55.75,309.26,25.77
4822-LPTYJ,0.248,103.75,308.71,25.73
3128-YOVTD,0.325,79.15,308.6,25.72
0440-UEDAI,0.272,94.45,308.3,25.69
4701-AHWMW,0.471,54.55,308.16,25.68
5423-BHIXO,0.474,54.2,308.1,25.68
2486-WYVVE,0.324,79.3,308.05,25.67
8970-ANWXO,0.348,73.75,308.07,25.67
1400-WIVLL,0.238,107.95,307.76,25.65
2272-WUSPA,0.232,110.75,307.73,25.64
1116-DXXDF,0.255,100.45,307.21,25.6
5286-YHCVC,0.244,104.8,307.21,25.6
1060-ENTOF,0.243,105.4,307.03,25.59
5445-PZWGX,0.251,102.0,306.91,25.58
5186-EJEGL,0.368,69.5,306.8,25.57
4522-AKYLR,0.465,54.8,305.83,25.49
3606-SBKRY,0.509,50.05,305.9,25.49
6629-LADHQ,0.5,50.95,305.78,25.48
7593-JNWRU,0.571,44.6,305.49,25.46
7351-MHQVU,0.499,50.95,305.31,25.44
0015-UOCOJ,0.528,48.2,305.29,25.44
8660-BUETV,0.568,44.75,304.83,25.4
4250-FDVOU,0.452,56.25,304.81,25.4
4531-AUZNK,0.267,95.15,304.54,25.38
6789-HJBWG,0.514,49.4,304.6,25.38
7683-CBDKJ,0.388,65.45,304.43,25.37
7590-VHVEG,0.85,29.85,304.33,25.36
7634-WSWDB,0.658,38.5,304.21,25.35
0750-EBAIU,0.278,91.25,304.14,25.35
5360-LJCNJ,0.241,105.15,303.92,25.33
1492-QGCLU,0.295,85.7,303.71,25.31
3999-WRNGR,0.509,49.75,303.58,25.3
1456-TWCGB,0.513,49.25,303.3,25.28
4640-UHDOS,0.451,55.95,303.0,25.25
3677-IYRBF,0.83,30.4,302.85,25.24
5392-AKEMH,0.56,45.05,302.86,25.24
8107-RZLNV,0.237,106.3,302.6,25.22
7905-NJMXS,0.392,64.2,302.35,25.2
8217-QYOHV,0.452,55.75,302.14,25.18
0187-WZNAB,0.338,74.4,302.08,25.17
6890-PFRQX,0.362,69.5,301.99,25.17
5014-WUQMG,0.262,96.1,301.9,25.16
5402-HTOTQ,0.455,55.3,301.87,25.16
4419-UJMUS,0.253,99.35,301.89,25.16
1444-VVSGW,0.217,115.65,301.71,25.14
6900-RBKER,0.281,89.45,301.58,25.13
5309-TAIKL,0.4,62.8,301.29,25.11
7878-JGDKK,0.563,44.55,300.91,25.08
8152-VETUR,0.256,97.7,300.7,25.06
9667-EQRXU,0.621,40.3,300.14,25.01
2371-KFUOG,0.252,99.15,300.04,25.0
4280-DLSHD,0.456,54.75,299.7,24.98
4695-VADHF,0.433,57.45,298.72,24.89
7663-ZTEGJ,0.247,100.55,298.61,24.88
3629-WEAAM,0.387,64.1,298.06,24.84
9770-KXGQU,0.252,98.6,297.93,24.83
6574-MCOEH,0.313,79.15,297.72,24.81
2277-BKJKN,0.25,99.2,297.66,24.8
9033-EOXWV,0.335,74.05,297.47,24.79
6242-SGYTS,0.261,94.95,297.3,24.78
0222-CNVPT,0.508,48.8,297.35,24.78
1078-TDCRN,0.804,30.75,296.73,24.73
3859-CVCET,0.542,45.65,296.79,24.73
9373-WSLOY,0.494,50.0,296.67,24.72
2931-VUVJN,0.262,94.05,296.22,24.69
5482-NUPNA,0.409,60.4,296.32,24.69
1353-LJWEM,0.405,60.9,296.32,24.69
5150-LJNSR,0.252,98.05,296.19,24.68
0928-JMXNP,0.824,29.9,295.64,24.64
0587-DMGBH,0.494,49.85,295.71,24.64
8034-RYTVV,0.292,84.25,295.4,24.62
9715-WZCLW,0.253,97.2,295.44,24.62
7148-XZPHA,0.31,79.4,295.16,24.6
2108-YKQTY,0.485,50.7,295.21,24.6
6128-DAFVY,0.548,44.85,294.78,24.57
2309-OSFEU,0.723,33.9,294.28,24.52
6439-LAJXL,0.356,68.95,294.26,24.52
6537-OTKMY,0.483,50.75,294.0,24.5
8565-HBFNN,0.228,107.2,293.79,24.48
0778-NELLA,0.7,34.7,291.6,24.3
3258-SANFR,0.543,44.7,291.17,24.26
9378-FXTIZ,0.346,70.15,291.09,24.26
7554-AKDQF,0.531,45.65,291.15,24.26
2931-XIQBR,0.235,103.05,291.16,24.26
0748-RDGGM,0.221,109.5,290.92,24.24
6537-QLGEX,0.623,38.9,290.59,24.22
4945-RVMTE,0.406,59.55,290.19,24.18
7762-URZQH,0.228,106.05,290.09,24.17
6732-FZUGP,0.255,94.9,290.01,24.17
9489-UTFKA,0.397,60.9,289.77,24.15
0623-IIHUG,0.576,41.9,289.5,24.13
3806-DXQOM,0.717,33.65,289.56,24.13
7319-VENRZ,0.375,64.3,289.11,24.09
3716-LRGXK,0.238,101.15,288.76,24.06
1410-RSCMR,0.337,71.35,288.55,24.05
4718-DHSMV,0.672,35.8,288.53,24.04
1767-TGTKO,0.529,45.45,288.39,24.03
8650-RHRKE,0.811,29.65,288.39,24.03
4030-VPZBD,0.777,30.9,288.01,24.0
0742-MOABM,0.479,50.05,287.86,23.99
9481-SFCQY,0.401,59.8,287.94,23.99
7501-VTYLJ,0.465,51.55,287.9,23.99
9381-NDKME,0.59,40.65,287.8,23.98
6092-QZVPP,0.302,79.2,287.25,23.94
4430-UZIPO,0.649,36.85,286.91,23.91
4692-NNQRU,0.302,79.2,286.81,23.9
2049-BAFNW,0.666,35.9,286.71,23.89
5071-FBJFS,0.475,50.3,286.72,23.89
6131-FOYAS,0.4,59.6,286.32,23.86
0824-VWDPO,0.246,96.75,285.79,23.82
0699-NDKJM,0.405,58.75,285.83,23.82
8080-POTJR,0.3,79.3,285.48,23.79
3179-GBRWV,0.366,64.95,285.35,23.78
0516-WJVXC,0.438,54.2,285.16,23.76
3982-XWFZQ,0.473,50.25,285.05,23.75
2075-RMJIK,0.481,49.4,285.05,23.75
4130-MZLCC,0.47,50.55,284.9,23.74
7989-VCQOH,0.285,83.25,284.91,23.74
8450-UYIBU,0.596,39.85,284.83,23.74
3538-WZPHD,0.802,29.6,284.71,23.73
5816-SCGFC,0.462,51.3,284.66,23.72
9069-LGEUL,0.396,59.95,284.54,23.71
2391-SOORI,0.48,49.35,284.47,23.71
4726-DLWQN,0.337,70.35,284.08,23.67
8679-JOEVF,0.398,59.4,283.65,23.64
8847-GEOOQ,0.392,60.2,283.31,23.61
1684-FLBGS,0.34,69.5,283.15,23.6
4837-QUSFT,0.236,100.15,283.13,23.59
4690-LLKUA,0.523,45.05,282.91,23.58
0201-OAMXR,0.204,115.55,282.94,23.58
7718-UPSKJ,0.221,106.4,282.79,23.57
8887-IPQNC,0.533,44.25,282.82,23.57
2834-JRTUA,0.218,108.05,282.74,23.56
4256-ZWTZI,0.461,51.0,282.02,23.5
4468-YDOVK,0.483,48.65,282.01,23.5
3324-OIRTO,0.225,104.65,282.01,23.5
0786-VSSUD,0.602,39.0,281.95,23.5
3345-PBBFH,0.474,49.55,281.85,23.49
3694-DELSO,0.609,38.55,281.6,23.47
8344-WFMFH,0.468,50.1,281.31,23.44
6563-VNPMN,0.274,85.7,281.3,23.44
9572-WUKSB,0.783,29.9,280.82,23.4
7629-WIXZF,0.396,59.1,280.66,23.39
3445-HXXGF,0.516,45.3,280.54,23.38
7742-MYPGI,0.479,48.8,280.45,23.37
8133-ANHHJ,0.227,103.0,280.38,23.36
0719-SYFRB,0.379,61.65,280.17,23.35
2219-MVUSO,0.517,45.15,280.16,23.35
9103-TCIHJ,0.419,55.7,279.81,23.32
6366-XIVKZ,0.369,63.15,279.69,23.31
8242-JSVBO,0.521,44.65,279.37,23.28
3528-HFRIQ,0.445,52.3,279.27,23.27
9330-VOFSZ,0.21,110.8,279.11,23.26
9314-QDMDW,0.38,61.25,279.01,23.25
4925-LMHOK,0.396,58.6,278.73,23.23
4881-JVQOD,0.672,34.55,278.66,23.22
0345-XMMUG,0.213,108.9,278.47,23.21
5089-IFSDP,0.212,109.45,278.43,23.2
2108-XWMPY,0.654,35.45,278.18,23.18
9881-VCZEP,0.428,54.1,278.04,23.17
4277-UDIEF,0.286,81.0,278.02,23.17
1004-NOZNR,0.244,94.8,277.8,23.15
9978-HYCIN,0.272,84.95,277.63,23.14
5868-CZJDR,0.738,31.35,277.72,23.14
0584-BJQGZ,0.295,78.35,277.36,23.11
3733-UOCWF,0.27,85.55,276.99,23.08
9565-JSNFM,0.327,70.45,276.47,23.04
5960-MVTUK,0.774,29.75,276.28,23.02
4759-PXTAN,0.287,80.1,276.21,23.02
7595-EHCDL,0.454,50.6,275.97,23.0
3552-CTCYF,0.219,104.8,276.0,23.0
8740-XLHDR,0.531,43.25,275.76,22.98
6620-JDYNW,0.379,60.6,275.58,22.97
4003-FUSHP,0.372,61.55,274.91,22.91
9391-DXGGG,0.256,89.15,274.37,22.86
6397-JNZZG,0.412,55.55,274.33,22.86
7750-EYXWZ,0.377,60.65,274.29,22.86
1803-BGNBD,0.421,54.3,274.31,22.86
8731-WBBMB,0.279,81.9,274.19,22.85
1732-VHUBQ,0.324,70.55,274.05,22.84
3059-NGMXB,0.33,69.2,273.86,22.82
2458-EOMRE,0.356,64.05,273.74,22.81
7803-XOCCZ,0.271,84.05,273.7,22.81
7036-ZZKBD,0.343,66.4,273.57,22.8
8049-WJCLQ,0.379,60.2,273.48,22.79
5542-DHSXL,0.416,54.7,273.08,22.76
8231-BSWXX,0.287,79.05,272.71,22.73
5709-LVOEQ,0.281,80.85,272.64,22.72
5153-LXKDT,0.206,110.2,272.25,22.69
0228-MAUWC,0.381,59.55,272.17,22.68
3589-PPVKW,0.511,44.4,272.03,22.67
0356-ERHVT,0.493,45.9,271.63,22.64
7163-OCEQI,0.288,78.65,271.73,22.64
8734-FNWVH,0.379,59.7,271.72,22.64
4324-AHJKS,0.405,55.8,271.43,22.62
8879-XUAHX,0.194,116.25,271.0,22.58
8190-ZTQFB,0.439,51.35,270.81,22.57
6240-EURKS,0.645,35.0,270.72,22.56
7963-GQRMY,0.509,44.3,270.71,22.56
1958-RNRKS,0.452,49.9,270.78,22.56
3096-YXENJ,0.209,107.65,270.54,22.55
2558-BUOZZ,0.238,94.8,270.57,22.55
8405-IGQFX,0.25,90.05,270.5,22.54
4905-JEFDW,0.541,41.6,270.16,22.51
9488-FYQAU,0.206,109.25,269.45,22.45
0807-ZABDG,0.407,55.1,269.38,22.45
2001-MCUUW,0.207,108.65,269.25,22.44
6143-JQKEA,0.49,45.8,269.06,22.42
8665-UTDHZ,0.742,30.2,268.89,22.41
9762-YAQAA,0.275,81.4,268.8,22.4
8992-OBVDG,0.363,61.65,268.62,22.38
7396-VJUZB,0.494,45.25,268.29,22.36
7997-EASSD,0.275,81.2,268.33,22.36
7208-PSIHR,0.214,104.3,268.3,22.36
2040-OBMLJ,0.273,81.7,267.96,22.33
3580-REOAC,0.497,44.85,267.63,22.3
5951-AOFIH,0.335,66.4,267.3,22.27
8752-GHJFU,0.242,92.0,267.25,22.27
5748-RNCJT,0.209,106.5,267.26,22.27
0895-LMRSF,0.342,64.9,266.72,22.23
1986-PHGZF,0.381,58.4,266.74,22.23
7853-OETYL,0.765,29.05,266.67,22.22
5440-FLBQG,0.205,108.4,266.54,22.21
9586-JGQKH,0.21,105.4,266.17,22.18
6476-YHMGA,0.29,76.5,266.04,22.17
4806-DXQCE,0.195,113.65,265.84,22.15
0369-ZGOVK,0.314,70.4,265.33,22.11
6637-KYRCV,0.725,30.5,265.27,22.11
6481-OGDOO,0.244,90.6,265.25,22.1
5236-PERKL,0.195,112.95,264.77,22.06
0106-UGRDO,0.19,116.0,264.56,22.05
4129-LYCOI,0.212,104.0,264.43,22.04
5593-SUAOO,0.265,83.15,264.42,22.04
3192-NQECA,0.2,110.0,264.48,22.04
1840-BIUOG,0.321,68.7,264.34,22.03
5311-IHLEI,0.432,50.95,264.18,22.02
4710-NKCAW,0.342,64.4,264.09,22.01
8263-QMNTJ,0.19,115.55,264.1,22.01
2851-STERV,0.301,73.0,264.0,22.0
9375-MHRRS,0.439,50.05,263.84,21.99
6576-FBXOJ,0.403,54.6,263.87,21.99
6993-YCOBK,0.199,110.6,263.65,21.97
2773-OVBPK,0.197,111.3,263.53,21.96
3466-BYAVD,0.316,69.5,263.58,21.96
2452-SNHFZ,0.291,75.45,263.38,21.95
4081-DYXAV,0.489,44.85,263.39,21.95
0201-MIBOL,0.214,102.4,263.16,21.93
8775-CEBBJ,0.496,44.2,262.85,21.9
4700-UBQMV,0.288,75.9,262.62,21.88
0023-HGHWL,0.872,25.1,262.51,21.88
6008-NAIXK,0.394,55.45,262.29,21.86
6408-OTUBZ,0.209,104.55,262.22,21.85
8807-ARQET,0.542,40.35,262.25,21.85
2363-BJLSL,0.272,80.4,262.01,21.83
0392-BZIUW,0.208,105.0,261.93,21.83
1768-ZAIFU,0.866,25.2,261.83,21.82
2672-DZUOY,0.867,25.15,261.56,21.8
1862-SKORY,0.554,39.3,261.14,21.76
8065-QBYTO,0.218,99.65,261.07,21.76
3351-NQLDI,0.231,94.35,260.99,21.75
3945-GFWQL,0.488,44.55,260.68,21.72
6386-SZZKH,0.201,107.95,260.65,21.72
6410-LEFEN,0.48,45.15,260.01,21.67
7932-WPTDS,0.873,24.8,259.82,21.65
3104-OWCGK,0.238,90.95,259.69,21.64
3808-HFKDE,0.488,44.35,259.56,21.63
0479-HMSWA,0.205,105.45,259.31,21.61
8707-HOEDG,0.196,110.2,259.03,21.59
8910-ICHIU,0.226,95.65,258.84,21.57
4923-ADWXJ,0.328,65.8,258.63,21.55
1024-GUALD,0.868,24.8,258.42,21.54
2957-LOLHO,0.474,45.4,258.5,21.54
9873-MNDKV,0.482,44.65,258.39,21.53
1261-FWTTE,0.62,34.65,257.84,21.49
9470-RTWDV,0.262,82.0,257.8,21.48
8548-AWOFC,0.336,63.85,257.67,21.47
1162-ECVII,0.195,109.75,257.43,21.45
5996-NRVXR,0.218,98.15,257.15,21.43
2606-RMDHZ,0.702,30.5,256.92,21.41
7317-GGVPB,0.197,108.6,256.75,21.4
2207-OBZNX,0.419,51.0,256.71,21.39
2242-MFOTG,0.267,80.1,256.44,21.37
8963-JLGJT,0.382,55.9,256.25,21.35
6839-ITVZJ,0.355,60.05,256.01,21.33
3597-YASZG,0.204,104.45,255.86,21.32
9402-ROUMJ,0.213,100.25,255.66,21.31
0836-SEYLU,0.524,40.65,255.57,21.3
6257-DTAYD,0.204,104.15,255.31,21.28
8791-GFXLZ,0.433,49.05,255.14,21.26
8591-NXRCV,0.284,74.65,254.84,21.24
2250-IVBWA,0.262,81.05,254.86,21.24
4958-GZWIY,0.436,48.7,254.68,21.22
2896-TBNBE,0.263,80.8,254.57,21.21
7365-BVCJH,0.868,24.4,254.26,21.19
2898-LSJGD,0.379,55.95,254.23,21.19
5697-GOMBF,0.59,35.9,254.31,21.19
9405-GPBBG,0.192,110.5,254.24,21.19
3518-FSTWG,0.193,109.55,254.27,21.19
6317-YPKDH,0.707,29.95,254.02,21.17
1848-LBZHY,0.421,50.3,253.9,21.16
7521-AFHAB,0.472,44.8,253.84,21.15
7074-STDCN,0.52,40.6,253.41,21.12
5233-GEEAX,0.718,29.4,253.43,21.12
7036-TYDEC,0.203,104.0,253.29,21.11
6281-FKEWS,0.43,49.05,253.19,21.1
0661-XEYAN,0.817,25.8,253.03,21.09
0746-JTRFU,0.842,25.05,253.01,21.08
1334-FJSVR,0.869,24.25,252.79,21.07
1794-SWWKL,0.353,59.65,252.77,21.06
8229-MYEJZ,0.411,51.2,252.55,21.05
7389-KBFIT,0.696,30.25,252.53,21.04
2402-TAIRZ,0.262,80.05,252.15,21.01
1496-GGSUK,0.818,25.7,252.14,21.01
5056-FIMPT,0.198,106.0,251.85,20.99
9938-EKRGF,0.248,84.45,251.73,20.98
9128-CPXKI,0.219,95.8,251.64,20.97
1600-DILPE,0.466,45.0,251.63,20.97
4939-KYYPY,0.353,59.45,251.53,20.96
6266-QHOJZ,0.233,89.85,251.56,20.96
8167-GJLRN,0.689,30.4,251.36,20.95
1096-ADRUX,0.282,74.25,251.32,20.94
7242-QZLXF,0.827,25.3,251.15,20.93
5195-KPUNQ,0.216,96.75,251.04,20.92
5304-EFJLP,0.187,111.65,250.95,20.91
2817-NTQDO,0.458,45.55,250.54,20.88
5954-BDFSG,0.194,107.5,249.85,20.82
0999-QXNSA,0.455,45.75,249.57,20.8
3259-FDWOY,0.196,106.0,249.62,20.8
7088-FBAWU,0.279,74.55,249.59,20.8
2533-QVMSK,0.221,94.1,249.38,20.78
5174-RNGBH,0.313,66.25,249.22,20.77
4647-XXZAM,0.456,45.5,248.96,20.75
9342-VNIMQ,0.379,54.65,248.69,20.72
3896-RCYYE,0.388,53.4,248.47,20.71
1291-CUOCY,0.187,110.6,248.38,20.7
0616-ATFGB,0.826,25.05,248.3,20.69
4815-GBTCD,0.822,25.15,248.18,20.68
4075-WKNIU,0.282,73.35,248.19,20.68
1809-DMJHQ,0.449,46.0,247.87,20.66
3845-JHAMY,0.582,35.5,247.92,20.66
8205-MQUGY,0.42,49.2,247.8,20.65
1596-OQSPS,0.404,51.1,247.72,20.64
9396-ZSFLL,0.422,48.85,247.64,20.64
4524-QCSSM,0.462,44.65,247.5,20.62
0164-APGRB,0.179,114.9,247.49,20.62
0523-VNGTF,0.408,50.5,247.34,20.61
6656-JWRQX,0.675,30.55,247.38,20.61
0733-VUNUW,0.37,55.65,247.21,20.6
4670-TABXH,0.188,109.75,247.06,20.59
1699-HPSBG,0.344,59.8,247.1,20.59
8676-OOQEJ,0.675,30.5,247.08,20.59
3374-TTZTK,0.194,106.3,246.9,20.58
2830-LEWOA,0.198,103.9,246.98,20.58
2320-SLKMB,0.463,44.45,246.8,20.57
4338-EYCER,0.377,54.6,246.77,20.56
3797-VTIDR,0.877,23.45,246.69,20.56
4132-POCZS,0.515,39.9,246.71,20.56
2108-GLPQB,0.37,55.55,246.44,20.54
7802-EFKNY,0.823,24.95,246.49,20.54
0314-TKOSI,0.372,55.15,246.35,20.53
7013-PSXHK,0.254,80.75,246.28,20.52
9786-IJYDL,0.181,113.2,246.05,20.5
8496-DMZUK,0.227,90.4,246.05,20.5
4283-IVYCI,0.315,64.95,245.75,20.48
2810-FTLEM,0.408,50.15,245.72,20.48
8646-JCOMS,0.226,90.55,245.59,20.47
2862-PFNIK,0.829,24.7,245.69,20.47
7410-KTVFV,0.413,49.55,245.58,20.46
5795-KTGUD,0.185,110.8,245.57,20.46
1089-HDMKP,0.375,54.55,245.5,20.46
6265-SXWBU,0.214,95.75,245.53,20.46
0612-RTZZA,0.81,25.25,245.42,20.45
7537-RBWEA,0.813,25.15,245.34,20.44
7446-YPODE,0.339,60.25,244.93,20.41
6032-IGALN,0.813,25.1,244.9,20.41
1208-NBVFH,0.412,49.6,244.97,20.41
5766-XQXMQ,0.296,68.85,244.84,20.4
8079-XRJRS,0.227,89.75,244.85,20.4
2636-SJDOU,0.242,84.3,244.6,20.38
2446-ZKVAF,0.358,56.8,244.25,20.35
2499-AJYUA,0.184,110.8,244.19,20.35
9526-BIHHD,0.685,29.7,244.1,20.34
3863-QSTYI,0.314,64.65,243.96,20.33
5578-NKCXI,0.205,99.25,243.96,20.33
7041-TXQJH,0.505,40.2,243.65,20.3
4195-NZGTA,0.803,25.25,243.45,20.29
5760-WRAHC,0.29,69.75,243.13,20.26
4367-NHWMM,0.814,24.9,243.12,20.26
2894-QOJRX,0.596,34.0,242.97,20.25
8158-WPEZG,0.568,35.65,242.98,20.25
6235-VDHOM,0.711,28.45,242.89,20.24
9924-JPRMC,0.171,118.2,242.87,20.24
2651-ZCBXV,0.187,108.0,242.74,20.23
6500-JVEGC,0.2,101.35,242.77,20.23
8216-AZUUZ,0.202,100.4,242.78,20.23
3126-WQMGH,0.388,52.15,242.51,20.21
1697-BCSHV,0.302,66.8,242.24,20.19
4159-NAAIX,0.207,97.45,242.11,20.18
1919-RTPQD,0.451,44.75,242.2,20.18
2709-UQGNP,0.39,51.65,241.95,20.16
6351-SCJKT,0.488,41.35,241.91,20.16
1816-FLZDK,0.691,29.15,241.77,20.15
2165-VOEGB,0.191,105.2,241.69,20.14
5999-LCXAO,0.674,29.9,241.68,20.14
0484-FFVBJ,0.31,64.85,241.32,20.11
5337-IIWKZ,0.448,44.85,241.16,20.1
9136-ALYBR,0.822,24.45,241.21,20.1
2988-QRAJY,0.182,110.05,240.83,20.07
7134-HBPBS,0.185,108.1,239.96,20.0
4626-OZDTJ,0.254,78.65,239.83,19.99
5261-QSHQM,0.817,24.45,239.71,19.98
3413-CSSTH,0.358,55.7,239.59,19.97
7182-OVLBJ,0.197,101.15,239.46,19.95
7797-EJMDP,0.302,66.05,239.31,19.94
6766-HFKLA,0.193,103.2,238.78,19.9
9626-WEQRM,0.682,29.15,238.65,19.89
2155-AMQRX,0.362,54.9,238.7,19.89
3604-WLABM,0.366,54.25,238.49,19.87
0742-LAFQK,0.2,99.15,238.23,19.85
5780-INQIK,0.402,49.4,238.16,19.85
0708-SJDIS,0.305,65.0,237.68,19.81
9227-LUNBG,0.805,24.6,237.78,19.81
8823-RLPWL,0.179,110.65,237.59,19.8
8309-PPCED,0.179,110.45,237.48,19.79
2959-EEXWB,0.389,50.9,237.49,19.79
9099-FTUHS,0.364,54.4,237.49,19.79
6917-IAYHD,0.589,33.6,237.49,19.79
9691-HKOVS,0.219,90.15,237.13,19.76
0567-GGCAC,0.322,61.4,237.13,19.76
7854-EDSSA,0.335,59.0,236.93,19.74
3082-VQXNH,0.661,29.8,236.3,19.69
1696-HXOWK,0.206,95.65,236.3,19.69
5120-ZBLAI,0.26,75.7,236.3,19.69
0960-HUWBM,0.189,104.1,236.1,19.68
9391-LMANN,0.205,95.95,236.03,19.67
3090-HAWSU,0.176,111.6,235.88,19.66
8984-HPEMB,0.165,118.65,235.5,19.63
6308-CQRBU,0.18,109.25,235.39,19.62
3237-AJGEH,0.633,31.0,235.37,19.61
9861-PDSZP,0.182,108.05,235.38,19.61
9638-JIQYA,0.787,24.9,235.14,19.6
3714-XPXBW,0.248,78.9,235.04,19.59
7075-BNDVQ,0.559,35.0,234.99,19.58
3920-HIHMQ,0.396,49.5,234.95,19.58
9677-AVKED,0.231,84.6,234.5,19.54
2091-MJTFX,0.382,51.2,234.41,19.53
5397-TUPSH,0.275,70.95,234.24,19.52
8263-JQAIK,0.798,24.45,234.08,19.51
5448-VWNAM,0.256,75.9,233.6,19.47
2794-XIMMO,0.322,60.45,233.5,19.46
4324-BZCKL,0.35,55.55,233.36,19.45
3092-IGHWF,0.222,87.4,233.3,19.44
9040-KZVWO,0.257,75.5,233.18,19.43
9134-WYRVP,0.225,86.35,232.91,19.41
4625-EWPTF,0.637,30.45,232.59,19.38
8495-PRWFH,0.348,55.65,232.46,19.37
0815-MFZGM,0.195,99.0,232.05,19.34
3197-NNYNB,0.184,105.1,232.06,19.34
5167-GBFRE,0.766,25.2,231.58,19.3
8819-ZBYNA,0.177,109.1,231.3,19.28
7519-JTWQH,0.174,110.5,231.2,19.27
6196-HBOBZ,0.194,99.35,231.24,19.27
2577-GVSIL,0.262,73.45,231.16,19.26
5480-HPRRX,0.761,25.3,230.97,19.25
5843-TTHGI,0.385,50.0,230.99,19.25
4628-CTTLA,0.489,39.3,230.84,19.24
8071-SBTRN,0.173,111.15,230.74,19.23
9558-IHEZX,0.18,106.75,230.57,19.21
5663-QBGIS,0.195,98.35,230.54,19.21
1163-ONYEY,0.257,74.55,230.31,19.19
7299-GNVPL,0.227,84.4,229.92,19.16
0820-FNRNX,0.287,66.7,229.85,19.15
9933-QRGTX,0.197,97.2,229.74,19.15
9743-DQKQW,0.763,25.1,229.82,19.15
7395-XWZOY,0.348,55.0,229.51,19.13
4043-MKDTV,0.182,105.25,229.37,19.11
8409-WQJUX,0.352,54.2,229.21,19.1
6954-OOYZZ,0.43,44.35,228.82,19.07
0975-UYDTX,0.212,90.1,228.82,19.07
4815-YOSUK,0.182,104.9,228.58,19.05
8976-OQHGT,0.337,56.5,228.25,19.02
6368-NWMCE,0.279,68.15,228.2,19.02
6158-HDPXZ,0.75,25.35,228.19,19.02
0384-RVBPI,0.295,64.4,228.13,19.01
8993-PHFWD,0.753,25.25,228.14,19.01
5832-EXGTT,0.316,60.2,227.98,19.0
5482-PLVPE,0.78,24.35,228.02,19.0
5882-CMAZQ,0.554,34.25,227.85,18.99
7446-KQISO,0.173,109.75,227.58,18.97
0870-VEMYL,0.352,53.85,227.5,18.96
2186-QZEYA,0.324,58.55,227.52,18.96
8089-UZWLX,0.182,104.05,227.52,18.96
6898-MDLZW,0.352,53.75,227.35,18.95
6738-ISCBM,0.351,54.0,227.44,18.95
6339-DKLMK,0.599,31.65,227.42,18.95
4236-UJPWO,0.772,24.5,227.11,18.93
2592-SEIFQ,0.765,24.75,227.08,18.92
9591-YVTEB,0.421,44.85,226.76,18.9
0689-DSXGL,0.22,85.8,226.6,18.88
6778-JFCMK,0.373,50.6,226.6,18.88
6617-WLBQC,0.231,81.85,226.41,18.87
9609-BENEA,0.273,69.0,226.3,18.86
1921-KYSAY,0.275,68.6,226.38,18.86
4729-XKASR,0.762,24.75,226.29,18.86
4452-QIIEB,0.429,43.9,226.22,18.85
4713-ZBURT,0.189,99.7,226.07,18.84
8401-EMUWF,0.271,69.4,225.79,18.82
6616-AALSR,0.18,104.3,225.82,18.82
0975-VOOVL,0.644,29.2,225.73,18.81
1142-WACZW,0.63,29.85,225.58,18.8
9907-SWKKF,0.75,25.05,225.48,18.79
8148-BPLZQ,0.377,49.8,225.33,18.78
6480-YAGIY,0.167,112.2,225.15,18.76
7629-WFGLW,0.196,95.65,225.07,18.76
9828-QHFBK,0.367,51.15,225.0,18.75
1134-YWTYF,0.348,53.8,224.89,18.74
5271-YNWVR,0.165,113.15,224.51,18.71
8718-PTMEZ,0.602,31.05,224.39,18.7
5143-EGQFK,0.631,29.65,224.46,18.7
5649-TJHOV,0.512,36.5,224.41,18.7
8722-NGNBH,0.467,40.0,224.28,18.69
8260-NGFNY,0.742,25.2,224.26,18.69
8851-RAGOV,0.263,71.05,224.21,18.68
4002-BQWPQ,0.228,81.75,224.1,18.67
6838-YAUVY,0.196,95.1,224.07,18.67
2712-SYWAY,0.726,25.7,223.94,18.66
3594-KADLU,0.531,35.1,223.68,18.64
5445-GLVOT,0.374,49.8,223.42,18.62
4012-ZTHBR,0.414,44.95,223.27,18.61
1697-NVVGY,0.28,66.4,223.3,18.61
2209-XADXF,0.736,25.25,223.16,18.6
8706-HRADD,0.427,43.55,223.04,18.59
7143-BQIBA,0.299,62.25,223.01,18.58
8853-TZDGH,0.166,111.6,222.57,18.55
0032-PGELS,0.608,30.5,222.65,18.55
7674-YTAFD,0.232,79.95,222.61,18.55
6366-ZGQGL,0.747,24.8,222.42,18.54
8050-WYBND,0.375,49.45,222.33,18.53
1666-JZPZT,0.378,49.0,222.23,18.52
2469-DTSGX,0.166,111.65,222.25,18.52
8967-SZQAS,0.367,50.45,222.08,18.51
6543-CPZMK,0.617,29.95,221.88,18.49
7663-CUXZB,0.162,113.75,221.75,18.48
5913-INRQV,0.205,90.15,221.8,18.48
5151-HQRDG,0.335,55.05,221.62,18.47
6568-POCUI,0.194,95.2,221.49,18.46
8250-ZNGGW,0.308,59.9,221.54,18.46
9327-QSDED,0.424,43.55,221.52,18.46
9866-OCCKE,0.168,109.75,221.03,18.42
5650-VDUDS,0.759,24.25,220.95,18.41
4701-MLJPN,0.333,55.25,220.8,18.4
3439-GVUSX,0.754,24.4,220.66,18.39
1324-NLTJE,0.334,55.0,220.53,18.38
0810-BDHAW,0.234,78.4,220.35,18.36
5504-WSIUR,0.203,90.25,220.16,18.35
7880-XSOJX,0.432,42.4,219.67,18.31
6302-JGYRJ,0.23,79.45,219.66,18.31
8261-GWDBQ,0.158,116.05,219.76,18.31
2056-EVGZL,0.173,105.75,219.76,18.31
4332-MUOEZ,0.194,94.3,219.67,18.31
2798-NYLMZ,0.169,108.55,219.78,18.31
2828-SLQPF,0.406,45.0,219.44,18.29
9738-QLWTP,0.223,81.9,219.35,18.28
3030-YZADT,0.406,44.95,219.22,18.27
1150-FTQGN,0.194,94.15,218.99,18.25
3723-BFBGR,0.333,54.8,219.06,18.25
4366-CTOUZ,0.182,100.2,218.95,18.25
6873-UDNLD,0.27,67.45,218.94,18.25
9351-HXDMR,0.164,110.9,218.89,18.24
9895-VFOXH,0.745,24.4,218.02,18.17
5651-WYIPH,0.364,49.85,217.94,18.16
7989-AWGEH,0.463,39.2,217.58,18.13
9163-GHAYE,0.371,48.85,217.19,18.1
2436-QBZFP,0.461,39.2,216.99,18.08
8455-HIRAQ,0.406,44.45,216.68,18.06
7691-XVTZH,0.201,89.95,216.72,18.06
6133-OZILE,0.513,35.2,216.51,18.04
2933-FILNV,0.738,24.4,216.12,18.01
5701-ZIKJE,0.356,50.55,216.17,18.01
3521-MNKLV,0.362,49.7,215.98,18.0
5651-CPDND,0.391,46.0,215.91,17.99
5149-CUZUJ,0.193,92.9,215.52,17.96
0723-FDLAY,0.211,85.25,215.5,17.96
2087-QAREY,0.328,54.7,215.48,17.96
8735-DCXNF,0.327,54.95,215.43,17.95
0440-QEXBZ,0.358,50.15,215.23,17.94
3402-XRIUO,0.282,63.55,215.3,17.94
1335-NTIUC,0.718,24.95,215.0,17.92
8947-YRTDV,0.189,94.8,215.08,17.92
0112-QWPNC,0.212,84.35,214.96,17.91
1545-JFUML,0.18,99.0,214.42,17.87
7054-ENNGU,0.351,50.85,214.4,17.87
4489-SNOJF,0.247,72.25,214.49,17.87
5693-PIPCS,0.179,99.65,214.13,17.84
6483-OATDN,0.348,51.3,213.97,17.83
3612-YUNGG,0.163,109.2,213.72,17.81
4853-RULSV,0.171,104.0,213.77,17.81
4827-USJHP,0.344,51.8,213.63,17.8
2978-XXSOG,0.301,59.05,213.44,17.79
8033-ATFAS,0.297,59.85,213.07,17.76
3794-NFNCH,0.355,50.0,212.84,17.74
5176-LDKUH,0.236,75.15,212.88,17.74
2925-MXLSX,0.257,68.95,212.79,17.73
6402-SSEJG,0.29,61.05,212.33,17.69
8041-TMEID,0.163,108.5,212.05,17.67
5832-TRLPB,0.234,75.35,211.95,17.66
8929-KSWIH,0.178,99.3,211.84,17.65
6542-LWGXJ,0.705,25.0,211.62,17.63
0670-ANMUU,0.18,97.65,211.41,17.62
6156-UZDLF,0.202,87.15,211.06,17.59
3594-UVONA,0.204,85.95,210.88,17.57
0619-OLYUR,0.157,111.9,210.83,17.57
3815-SLMEF,0.513,34.25,210.68,17.56
8930-XOTDP,0.314,55.95,210.63,17.55
0266-CLZKZ,0.166,105.65,210.23,17.52
9633-DENPU,0.298,58.6,209.23,17.44
1685-VAYJF,0.386,45.2,209.27,17.44
5478-JJVZK,0.286,60.9,208.92,17.41
2229-VWQJH,0.353,49.3,208.97,17.41
4929-ROART,0.309,56.25,208.87,17.41
1090-PYKCI,0.166,105.1,208.89,17.41
5414-OFQCB,0.192,90.45,208.7,17.39
1777-JYQPJ,0.715,24.3,208.51,17.38
1925-LFCZZ,0.347,50.05,208.54,17.38
3696-XRIEN,0.211,82.5,208.55,17.38
8095-WANWK,0.384,45.25,208.32,17.36
7421-ZLUPA,0.593,29.25,208.3,17.36
1334-PDUKM,0.201,86.45,208.18,17.35
0565-JUPYD,0.166,104.5,208.11,17.34
5876-HZVZM,0.31,55.9,207.91,17.33
0661-KBKPA,0.22,78.75,207.93,17.33
4323-SADQS,0.502,34.5,208.01,17.33
5566-SOEZD,0.215,80.65,207.83,17.32
0401-WDBXM,0.164,105.55,207.5,17.29
9822-BIIGN,0.24,71.85,207.36,17.28
0156-FVPTA,0.318,54.2,206.66,17.22
9086-YJYXS,0.223,77.2,206.51,17.21
6993-YGFJV,0.153,112.55,206.34,17.2
6840-RESVB,0.202,84.8,206.01,17.17
3890-RTCMS,0.347,49.45,206.01,17.17
5135-GRQJV,0.15,114.5,205.8,17.15
1049-FYSYG,0.481,35.65,205.78,17.15
7721-JXEAW,0.417,41.05,205.61,17.13
1121-QSIVB,0.221,77.55,205.39,17.12
8992-VONJD,0.306,56.0,205.4,17.12
9070-BCKQP,0.155,110.15,205.29,17.11
9060-HJJRW,0.303,56.4,205.15,17.1
7636-OWBPG,0.583,29.35,205.25,17.1
7619-ODSGN,0.312,54.75,205.14,17.09
3097-IDVPU,0.341,50.1,204.79,17.07
3022-BEXHZ,0.154,111.2,204.89,17.07
4616-ULAOA,0.154,110.8,204.71,17.06
3566-VVORZ,0.371,45.9,204.57,17.05
4976-LNFVV,0.497,34.3,204.43,17.04
6137-MFAJN,0.38,44.8,204.45,17.04
3523-QRQLL,0.245,69.5,204.35,17.03
9127-FHJBZ,0.149,114.0,204.36,17.03
0907-HQNTS,0.151,113.0,204.39,17.03
2778-OCLGR,0.436,39.1,204.39,17.03
9863-JZAIC,0.31,55.0,204.33,17.03
3363-DTIVD,0.161,105.55,203.97,17.0
7758-XKCBS,0.572,29.7,203.93,16.99
9592-ERDKV,0.214,79.25,203.76,16.98
5090-EMGTC,0.169,100.05,203.32,16.94
8100-HZZLJ,0.265,63.95,203.19,16.93
7130-CTCUS,0.31,54.55,203.15,16.93
7923-IYJWY,0.146,116.1,202.96,16.91
3703-TTEPD,0.259,65.35,202.8,16.9
8406-LNMHF,0.204,82.95,202.83,16.9
4199-QHJNM,0.164,102.9,202.57,16.88
4307-KWMXE,0.472,35.75,202.37,16.86
5156-UMKOW,0.569,29.65,202.36,16.86
2538-OIMXF,0.682,24.7,202.05,16.84
7109-MFBYV,0.37,45.45,201.91,16.83
6261-LHRTG,0.307,54.75,201.82,16.82
5351-QESIO,0.694,24.2,201.57,16.8
4049-ZPALD,0.17,99.0,201.43,16.79
8627-EHGIP,0.311,53.95,201.52,16.79
5985-TBABQ,0.224,74.75,201.24,16.77
3733-ZEECP,0.328,51.1,201.27,16.77
5681-LLOEI,0.184,91.25,201.13,16.76
0862-PRCBS,0.162,103.75,201.09,16.76
5229-DTFYB,0.17,98.8,201.13,16.76
2692-PFYTJ,0.65,25.75,200.88,16.74
2843-CQMEG,0.337,49.7,200.72,16.73
8735-IJJEG,0.333,50.2,200.65,16.72
8292-TYSPY,0.304,55.0,200.32,16.69
5366-OBVMR,0.331,50.3,199.87,16.66
3468-DRVQJ,0.237,70.3,199.74,16.65
7136-RVDTZ,0.368,45.25,199.79,16.65
7776-QWNFX,0.33,50.4,199.64,16.64
8896-BQTTI,0.664,25.0,199.27,16.61
4654-DLAMQ,0.171,97.0,199.22,16.6
5215-LNLDJ,0.671,24.7,199.0,16.58
7919-ZODZZ,0.252,65.9,198.97,16.58
0743-HRVFF,0.295,56.15,198.82,16.57
0725-CXOTM,0.185,89.65,198.84,16.57
0530-IJVDB,0.144,114.6,198.21,16.52
9554-DFKIC,0.303,54.45,198.15,16.51
4439-YRNVD,0.455,36.25,198.03,16.5
1832-PEUTS,0.185,89.1,197.72,16.48
5172-RKOCB,0.151,108.95,197.75,16.48
3016-KSVCP,0.488,33.75,197.59,16.47
8029-XYPWT,0.143,115.05,197.53,16.46
2604-XVDAM,0.376,43.8,197.38,16.45
8015-IHCGW,0.142,115.5,197.29,16.44
6180-YBIQI,0.676,24.3,197.07,16.42
0423-UDIJQ,0.334,49.2,197.03,16.42
3115-JPJDD,0.202,81.25,196.99,16.42
6624-JDRDS,0.557,29.45,196.7,16.39
1480-BKXGA,0.141,116.05,196.71,16.39
6022-KOUQO,0.563,29.05,196.31,16.36
5651-CRHKQ,0.19,86.2,196.18,16.35
2011-TRQYE,0.488,33.5,195.98,16.33
8822-KNBHV,0.196,83.45,196.01,16.33
3160-TYXLT,0.352,46.3,195.66,16.3
4801-JZAZL,0.551,29.6,195.61,16.3
7108-DGVUU,0.227,71.7,195.28,16.27
6464-KEXXH,0.644,25.25,195.13,16.26
3705-RHRFR,0.164,99.15,194.93,16.24
1527-SXDPN,0.169,96.25,194.79,16.23
8069-YQQAJ,0.521,31.1,194.35,16.2
1320-GVNHT,0.149,108.4,194.22,16.19
7641-TQFHN,0.161,100.55,194.28,16.19
8869-LIHMK,0.141,115.1,194.16,16.18
6734-FQAJX,0.154,105.05,193.56,16.13
6050-FFXES,0.153,105.35,193.46,16.12
1841-YSJGV,0.147,109.95,193.43,16.12
5998-DZLYR,0.171,94.35,193.41,16.12
0447-BEMNG,0.355,45.3,193.11,16.09
2565-JSLRY,0.668,24.05,192.9,16.08
1136-XGEQU,0.191,84.15,192.88,16.07
5451-YHYPW,0.139,115.75,192.86,16.07
9637-CDTKZ,0.141,114.1,192.85,16.07
1779-PWPMG,0.14,114.65,192.73,16.06
8975-SKGRX,0.138,116.1,192.61,16.05
6981-TDRFT,0.295,54.3,192.53,16.04
9788-HNGUT,0.137,116.95,192.32,16.03
6211-WHMYA,0.366,43.85,192.35,16.03
7954-MLBUN,0.161,99.45,191.89,15.99
6968-MHOMU,0.355,45.0,191.9,15.99
7470-DYNOE,0.262,61.1,191.78,15.98
3570-YUEKJ,0.322,49.55,191.69,15.97
2388-LAESQ,0.139,114.85,191.61,15.97
6834-NXDCA,0.668,23.9,191.6,15.97
3038-PQIUY,0.241,66.15,191.52,15.96
5914-XRFQB,0.138,115.8,191.15,15.93
6303-KFWSL,0.288,55.25,191.15,15.93
1518-OMDIK,0.358,44.55,191.18,15.93
8707-RMEZH,0.182,87.3,191.06,15.92
4456-RHSNB,0.321,49.6,190.86,15.9
9199-PWQVC,0.199,79.7,190.68,15.89
1389-WNUIB,0.209,76.0,190.61,15.88
0799-DDIHE,0.343,46.3,190.59,15.88
4592-IWTJI,0.534,29.7,190.38,15.87
8624-GIOUT,0.266,59.75,190.37,15.86
3055-MJDSB,0.644,24.6,190.04,15.84
1120-BMWUB,0.294,53.9,189.95,15.83
7336-RLLRH,0.196,80.85,189.94,15.83
5297-MDOIR,0.195,81.15,189.92,15.83
8644-XYTSV,0.394,40.15,189.77,15.81
3639-XJHKQ,0.261,60.6,189.63,15.8
6778-EICRF,0.211,74.8,189.63,15.8
3915-ODIYG,0.22,71.75,189.49,15.79
1432-FPAXX,0.516,30.6,189.43,15.79
0356-OBMAC,0.158,99.9,189.32,15.78
3580-HYCSP,0.143,110.3,189.07,15.76
6505-OZNPG,0.249,63.4,189.14,15.76
7950-XWOVN,0.453,34.7,188.83,15.74
4608-LCIMN,0.352,44.65,188.59,15.72
0991-BRRFB,0.318,49.4,188.55,15.71
3224-DFQNQ,0.176,89.0,188.15,15.68
7055-JCGNI,0.14,111.95,188.07,15.67
2911-IJORQ,0.173,90.6,187.9,15.66
5206-HPJKM,0.282,55.5,187.91,15.66
8659-HDIYE,0.21,74.65,187.68,15.64
9239-GZHZE,0.137,113.65,187.52,15.63
2323-ARSVR,0.14,111.05,186.92,15.58
2868-LLSKM,0.186,83.65,186.82,15.57
1852-XEMDW,0.239,65.05,186.57,15.55
5038-ETMLM,0.137,113.65,186.63,15.55
4644-PIZRT,0.221,70.35,186.51,15.54
7255-SSFBC,0.138,112.25,186.21,15.52
4079-VTGLK,0.207,74.85,186.28,15.52
1891-QRQSA,0.139,111.6,186.08,15.51
4580-TMHJU,0.276,56.15,186.03,15.5
8474-UMLNT,0.229,67.8,186.02,15.5
6603-QWSPR,0.148,104.4,185.89,15.49
3669-WHAFY,0.134,115.15,185.75,15.48
7971-HLVXI,0.183,84.5,185.74,15.48
8628-MFKAX,0.132,116.75,185.5,15.46
9518-IMLHK,0.213,72.45,185.55,15.46
5590-YRFJT,0.632,24.45,185.38,15.45
3893-JRNFS,0.387,39.9,185.27,15.44
6994-ORCWG,0.285,54.25,185.27,15.44
3301-VKTGC,0.18,85.5,185.17,15.43
3255-GRXMG,0.338,45.65,185.01,15.42
2202-OUTMO,0.253,60.85,184.88,15.41
3407-JMJQQ,0.141,109.0,184.87,15.41
5446-DKWYW,0.236,65.2,184.67,15.39
8226-BXGES,0.172,89.45,184.44,15.37
0716-BQNDX,0.164,93.75,184.49,15.37
8550-XSXUQ,0.217,70.55,184.11,15.34
2121-JAFOM,0.133,115.55,184.12,15.34
9115-YQHGA,0.3,51.1,183.93,15.33
4909-JOUPP,0.14,109.7,183.82,15.32
5214-NLTIT,0.169,90.8,183.67,15.31
2434-EEVDB,0.162,94.6,183.78,15.31
9152-AMKAK,0.191,80.25,183.69,15.31
3275-RHRNE,0.255,60.0,183.74,15.31
1099-BTKWT,0.281,54.4,183.55,15.3
8465-SBRXP,0.161,94.9,183.45,15.29
2391-IPLOP,0.219,69.65,183.43,15.29
9695-IDRZR,0.132,116.15,183.35,15.28
4622-YNKIJ,0.172,88.95,183.35,15.28
5183-KLYEM,0.136,112.75,183.38,15.28
8901-UPRHR,0.14,109.2,183.23,15.27
1043-UXOVO,0.135,113.15,182.69,15.22
0533-UCAAU,0.214,71.1,182.48,15.21
2368-GAKKQ,0.134,113.65,182.51,15.21
6650-BWFRT,0.13,117.15,182.41,15.2
9298-WGMRW,0.131,115.5,182.25,15.19
5016-ETTFF,0.514,29.5,181.98,15.17
8777-MBMTS,0.143,105.85,181.98,15.16
5315-CKEQK,0.297,51.0,181.68,15.14
6475-VHUIZ,0.279,54.25,181.6,15.13
5327-CNLUQ,0.156,96.9,181.42,15.12
5349-AZPEW,0.603,25.05,181.38,15.11
8205-OTCHB,0.345,43.75,181.33,15.11
6797-LNAQX,0.154,98.3,181.21,15.1
6435-VWCCY,0.163,92.7,181.15,15.1
9763-GRSKD,0.302,49.95,180.79,15.07
2330-PQGDQ,0.179,84.2,180.73,15.06
5155-AZQPB,0.302,49.9,180.65,15.05
1442-BQPVU,0.516,29.15,180.57,15.05
7176-WRTNX,0.131,114.95,180.65,15.05
2205-LPVGL,0.167,89.85,180.36,15.03
7432-FFVAR,0.165,90.95,180.24,15.02
4472-LVYGI,0.285,52.55,179.98,15.0
1264-FUHCX,0.266,56.3,179.89,14.99
8591-TKMZH,0.135,111.1,179.77,14.98
5180-UCIIQ,0.374,40.05,179.52,14.96
1036-GUDCL,0.189,79.05,179.46,14.96
2380-DAMQP,0.13,115.15,179.03,14.92
4139-JPIAM,0.336,44.45,178.96,14.91
3244-CQPHU,0.135,110.1,178.75,14.9
7964-YESJC,0.225,66.3,178.69,14.89
3537-RYBHH,0.221,67.45,178.55,14.88
4000-VGMQP,0.188,78.95,178.57,14.88
5619-PTMIK,0.28,53.1,178.28,14.86
6048-UWKAL,0.141,105.4,178.23,14.85
3221-CJMSG,0.29,51.1,177.88,14.82
9200-NLNPD,0.274,54.05,177.8,14.82
7089-XXAYG,0.389,38.1,177.85,14.82
6904-JLBGY,0.126,117.35,177.6,14.8
1153-GNOLC,0.379,39.1,177.59,14.8
7361-YPXFS,0.229,64.45,176.9,14.74
7217-JYHOQ,0.21,70.3,176.85,14.74
3689-MOZGR,0.472,31.2,176.8,14.73
1114-CENIM,0.268,55.0,176.6,14.72
4686-GEFRM,0.149,98.7,176.51,14.71
8182-PNAGI,0.292,50.25,176.25,14.69
7654-YWJUF,0.174,84.25,176.05,14.67
1976-AZZPJ,0.429,34.2,176.07,14.67
7343-EOBEU,0.62,23.6,175.71,14.64
4291-HYEBC,0.375,39.1,175.72,14.64
3058-WQDRE,0.582,25.15,175.58,14.63
7639-SUPCW,0.3,48.8,175.49,14.62
1163-VIPRI,0.134,109.3,175.18,14.6
4091-TVOCN,0.185,78.75,175.19,14.6
7614-QVWQL,0.281,51.8,174.45,14.54
9259-PACGQ,0.232,62.65,174.5,14.54
5989-OMNJE,0.252,57.6,174.22,14.52
5161-XEUVX,0.154,94.3,174.17,14.51
3948-XHGNA,0.293,49.55,174.08,14.51
4903-CNOZC,0.204,70.9,173.67,14.47
9820-RMCQV,0.298,48.55,173.43,14.45
4785-QRJHC,0.241,59.9,173.36,14.45
2770-NSVDG,0.496,29.1,173.33,14.44
3969-JQABI,0.221,65.25,173.17,14.43
2878-RMWXY,0.14,102.65,172.88,14.41
1621-YNCJH,0.136,106.05,172.87,14.41
3787-TRIAL,0.553,26.05,172.78,14.4
8017-UVSZU,0.254,56.6,172.72,14.39
6549-NNDYT,0.466,30.85,172.65,14.39
5639-NTUPK,0.275,52.1,172.09,14.34
2790-XUYMV,0.168,85.45,171.79,14.32
2826-DXLQO,0.48,29.8,171.81,14.32
7883-ROJOC,0.319,44.9,171.74,14.31
1150-WFARN,0.131,108.75,171.46,14.29
9589-ABEPT,0.155,92.45,171.54,14.29
3621-CHYVB,0.286,49.9,171.31,14.28
6029-CSMJE,0.556,25.65,171.2,14.27
3633-CDBUW,0.176,80.85,171.13,14.26
3766-EJLFL,0.13,109.05,170.63,14.22
3069-SSVSN,0.55,25.85,170.61,14.22
2775-SEFEE,0.23,61.9,170.48,14.21
1474-JUWSM,0.208,68.4,170.35,14.2
5278-PNYOX,0.141,100.65,169.96,14.16
2055-SIFSS,0.274,51.65,169.65,14.14
6999-CHVCF,0.138,102.1,168.84,14.07
7872-RDDLZ,0.256,54.9,168.55,14.05
6614-FHDBO,0.128,109.2,168.35,14.03
6893-ODYYE,0.156,90.1,168.35,14.03
4504-YOULA,0.236,59.45,168.36,14.03
8671-KKKOS,0.307,45.55,167.58,13.97
8799-OXZMD,0.47,29.75,167.68,13.97
8111-BKVDS,0.343,40.7,167.54,13.96
4189-NAKJS,0.271,51.55,167.39,13.95
9039-RBEEE,0.285,48.95,167.37,13.95
6250-CGGUN,0.165,84.4,167.29,13.94
0851-DFJKB,0.236,58.95,167.17,13.93
3391-JSQEW,0.278,50.15,167.18,13.93
6289-CPNLD,0.188,73.9,167.03,13.92
4926-UMJZD,0.283,49.2,167.06,13.92
4186-ZBUEW,0.197,70.7,166.99,13.92
9504-DSHWM,0.235,59.2,166.77,13.9
5915-DGNVC,0.193,71.8,166.34,13.86
8919-FYFQZ,0.456,30.35,166.16,13.85
4501-VCPFK,0.387,35.75,165.91,13.83
0282-NVSJS,0.472,29.3,165.85,13.82
2782-JEEBU,0.384,36.0,165.7,13.81
5307-UVGNB,0.283,48.7,165.56,13.8
2546-KZAAT,0.183,75.4,165.51,13.79
3209-ZPKFI,0.254,54.25,165.32,13.78
2190-PHBHR,0.146,94.45,165.16,13.76
3963-RYFNS,0.118,116.45,164.57,13.71
9097-ZUBYC,0.28,48.8,164.01,13.67
0020-INWCK,0.143,95.75,163.95,13.66
4282-ACRXS,0.549,24.85,163.64,13.64
9513-DXHDA,0.167,81.7,163.62,13.63
5032-USPKF,0.162,84.1,163.56,13.63
3214-IYUUQ,0.145,93.7,163.47,13.62
9074-KGVOX,0.345,39.45,163.2,13.6
6296-DDOOR,0.233,58.2,163.0,13.58
2639-UGMAZ,0.24,56.45,162.83,13.57
1559-DTODC,0.539,25.15,162.8,13.57
1376-HHBDV,0.278,48.8,162.74,13.56
9938-TKDGL,0.136,99.55,162.45,13.54
1329-VHWNP,0.54,25.05,162.4,13.53
0607-MVMGC,0.172,78.75,162.09,13.51
4501-UYKBC,0.195,69.1,161.82,13.49
4137-JOPHL,0.15,89.7,161.89,13.49
8224-IVVPA,0.237,56.7,161.54,13.46
4316-XCSLJ,0.268,50.3,161.47,13.46
5514-YQENT,0.121,111.15,161.53,13.46
2851-MMUTZ,0.239,56.15,161.15,13.43
5133-VRSAB,0.457,29.35,160.82,13.4
6497-TILVL,0.264,50.7,160.71,13.39
4495-LHSSK,0.232,57.65,160.51,13.38
0727-BNRLG,0.137,97.65,160.16,13.35
7746-AWNQW,0.373,35.75,160.01,13.33
9114-AAFQH,0.203,65.65,159.93,13.33
0804-XBFBV,0.528,25.2,159.64,13.3
9711-FJTBX,0.155,85.85,159.55,13.3
1325-USMEC,0.134,99.35,159.47,13.29
0667-NSRGI,0.191,69.55,159.38,13.28
8318-LCNBW,0.25,53.15,159.23,13.27
7605-SNLQG,0.263,50.25,158.39,13.2
7602-MVRMB,0.12,110.45,158.44,13.2
0254-FNMCI,0.12,109.9,158.36,13.2
6176-YJWAS,0.135,97.95,158.33,13.19
9432-RUVSL,0.129,102.5,158.13,13.18
8563-IIOXK,0.265,49.75,158.12,13.18
7459-IMVYU,0.188,69.95,158.12,13.18
7811-JIVPF,0.265,49.7,158.07,13.17
3640-JQGJG,0.294,44.8,158.08,13.17
0257-KXZGU,0.211,62.45,157.94,13.16
4360-QRAVE,0.358,36.65,157.24,13.1
0811-GSDTP,0.434,30.15,156.84,13.07
8915-NNTRC,0.121,107.7,156.87,13.07
4177-JPDFU,0.384,34.0,156.68,13.06
6445-TNRXS,0.114,114.7,156.65,13.05
9845-PEEKO,0.165,79.2,156.49,13.04
8082-GHXOP,0.296,44.0,156.21,13.02
9357-UJRUN,0.222,58.35,155.69,12.97
7765-LWVVH,0.136,95.1,155.69,12.97
2054-PJOCK,0.161,80.55,155.44,12.95
3863-IUBJR,0.241,53.65,155.3,12.94
0303-UNCIP,0.199,65.0,155.05,12.92
0568-ONFPC,0.498,25.9,154.84,12.9
4376-KFVRS,0.113,114.05,154.61,12.88
8713-IGZSO,0.518,24.85,154.35,12.86
4906-ZHGPK,0.182,70.7,154.32,12.86
6718-BDGHG,0.198,64.85,154.18,12.85
0107-WESLM,0.648,19.85,154.26,12.85
2578-JQPHZ,0.128,100.1,153.83,12.82
8606-CIQUL,0.111,115.75,153.54,12.8
6244-BESBM,0.134,95.2,153.6,12.8
8097-VBQTZ,0.183,69.9,153.46,12.79
6773-LQTVT,0.359,35.65,153.52,12.79
3520-FJGCV,0.114,112.6,153.42,12.78
4190-MFLUW,0.231,55.2,153.33,12.78
7868-TMWMZ,0.116,110.0,152.79,12.73
0655-YDGFJ,0.26,48.95,152.67,12.72
4057-FKCZK,0.154,82.5,152.5,12.71
7156-MXBJE,0.149,85.1,152.57,12.71
1810-MVMAI,0.188,67.6,152.36,12.7
6713-OKOMC,0.427,29.75,152.38,12.7
3726-TBHQT,0.111,114.0,152.1,12.68
1371-WEPDS,0.227,55.8,151.81,12.65
2969-WGHQO,0.182,69.45,151.78,12.65
4422-QVIJA,0.252,50.15,151.62,12.64
3892-NXAZG,0.111,114.05,151.52,12.63
4003-OCTMP,0.197,64.0,151.42,12.62
0297-RBCSG,0.193,65.35,151.29,12.61
7382-DFJTU,0.228,55.2,151.31,12.61
9174-FKWZE,0.648,19.45,151.24,12.6
5724-BIDBU,0.228,55.35,151.17,12.6
2740-JFBOK,0.525,24.0,151.11,12.59
6919-ELBGL,0.109,114.95,150.91,12.58
9386-LDCZR,0.139,90.65,150.81,12.57
2858-MOFSQ,0.225,55.85,150.68,12.56
0002-ORFBO,0.192,65.6,150.76,12.56
4430-YHXGG,0.493,25.45,150.42,12.54
1585-MQSSU,0.244,51.5,150.54,12.54
5375-XLDOF,0.11,114.35,150.46,12.54
3282-ZISZV,0.15,83.7,150.4,12.53
3948-FVVRP,0.229,54.8,150.32,12.53
6211-WWLTF,0.126,99.7,150.25,12.52
5756-JYOJT,0.192,64.9,149.89,12.49
1629-DQQVB,0.249,50.1,149.76,12.48
9730-DRTMJ,0.171,72.8,149.78,12.48
5671-RQRLP,0.165,75.65,149.59,12.47
9351-LZYGF,0.188,66.4,149.61,12.47
5353-WILCI,0.222,56.05,149.57,12.46
2212-LYASK,0.272,45.85,149.45,12.45
1530-ZTDOZ,0.306,40.65,149.34,12.45
3870-SPZSI,0.11,113.05,149.31,12.44
3795-CAWEX,0.107,116.55,149.28,12.44
8085-MSNLK,0.109,113.95,149.27,12.44
3396-DKDEL,0.108,115.15,149.05,12.42
0668-OGMHD,0.436,28.5,149.06,12.42
4826-DXMUP,0.172,72.1,148.94,12.41
1353-GHZOS,0.208,59.75,148.79,12.4
9742-XOKTS,0.138,89.55,148.76,12.4
8016-ZMGMO,0.175,70.85,148.65,12.39
3307-TLCUD,0.36,34.4,148.52,12.38
2533-TIBIX,0.409,30.2,148.3,12.36
2294-SALNE,0.142,86.8,148.14,12.35
0868-VJRDR,0.118,104.05,147.92,12.33
5590-ZSKRV,0.226,54.65,147.96,12.33
4369-NYSCF,0.162,75.75,147.67,12.31
1557-EMYVT,0.107,115.05,147.66,12.31
2223-GDSHL,0.106,116.05,147.58,12.3
3450-WXOAT,0.272,45.2,147.59,12.3
6865-JZNKO,0.222,55.3,147.29,12.27
5965-GGPRW,0.117,105.25,147.26,12.27
2233-FAGXV,0.505,24.3,147.24,12.27
1202-KKGFU,0.226,54.2,147.0,12.25
0266-GMEAO,0.107,114.3,146.83,12.24
7622-NXQZR,0.407,30.1,146.91,12.24
4310-KEDTB,0.41,29.8,146.54,12.21
4627-MIHJH,0.11,110.25,146.15,12.18
3229-USWAR,0.152,79.95,145.98,12.17
9411-TPQQV,0.223,54.55,146.05,12.17
7105-MXJLL,0.2,60.7,145.89,12.16
6933-VLYFX,0.203,59.95,145.78,12.15
6859-QNXIQ,0.107,113.1,145.78,12.15
5995-OIGLP,0.214,56.65,145.79,12.15
3186-AJIEK,0.115,105.65,145.7,12.14
7078-NVFAM,0.345,35.15,145.61,12.13
2080-SRCDE,0.477,25.4,145.54,12.13
4522-XRWWI,0.151,80.45,145.36,12.11
8746-OQQRW,0.479,25.25,145.09,12.09
6352-GIGGQ,0.136,88.8,144.4,12.03
7016-BPGEU,0.479,25.1,144.4,12.03
2792-VPPET,0.586,20.5,144.28,12.02
6770-XUAGN,0.572,21.0,144.2,12.02
6869-FGJJC,0.151,79.6,144.22,12.02
3272-VUHPV,0.214,56.3,144.26,12.02
4023-RTIQM,0.239,50.4,144.26,12.02
0420-BWTPW,0.471,25.5,144.17,12.01
6728-CZFEI,0.214,56.15,143.92,11.99
3845-FXCYS,0.609,19.65,143.71,11.98
5533-RJFTJ,0.396,30.2,143.6,11.97
8314-DPQHL,0.236,50.8,143.63,11.97
8756-RDDLT,0.266,44.95,143.65,11.97
9277-JOOMO,0.486,24.6,143.49,11.96
4778-IZARL,0.109,110.1,143.58,11.96
6907-CQGPN,0.348,34.3,143.4,11.95
7929-SKFGK,0.105,114.3,143.38,11.95
9496-IVVRP,0.234,51.0,142.96,11.91
3195-TQDZX,0.588,20.25,142.83,11.9
6982-UQZLY,0.57,20.85,142.72,11.89
4544-RXFMG,0.274,43.45,142.67,11.89
2259-OUUSZ,0.335,35.5,142.64,11.89
9862-KJTYK,0.469,25.35,142.54,11.88
3472-OAOOR,0.34,34.95,142.57,11.88
3258-ZKPAI,0.102,116.6,142.55,11.88
6705-LNMDD,0.237,50.0,142.45,11.87
2812-ENYMO,0.218,54.55,142.5,11.87
8845-LWKGE,0.184,64.5,142.17,11.85
0675-NCDYU,0.102,116.4,142.03,11.84
5081-NWSUP,0.182,64.9,141.65,11.8
1555-DJEQW,0.103,114.2,141.65,11.8
0068-FIGTF,0.151,78.2,141.5,11.79
2801-NISEI,0.215,54.95,141.54,11.79
1702-CCFNJ,0.192,61.35,141.3,11.77
7909-FIOIY,0.474,24.85,141.23,11.77
6007-TCTST,0.102,115.8,141.15,11.76
1208-DNHLN,0.243,48.35,141.0,11.75
5294-CDGWY,0.198,59.3,140.57,11.71
7610-TVOPG,0.444,26.35,140.37,11.7
8348-JLBUG,0.146,80.3,140.29,11.69
8901-HJXTF,0.399,29.2,139.95,11.66
0197-PNKNK,0.138,84.45,139.92,11.66
9625-QNLUX,0.113,103.25,139.76,11.65
7753-USQYQ,0.181,64.2,139.77,11.65
6992-TKNYO,0.169,69.0,139.76,11.65
2946-KIQSP,0.348,33.45,139.55,11.63
5701-SVCWR,0.484,24.0,139.51,11.63
0017-IUDMW,0.099,116.8,139.41,11.62
9170-GYZJC,0.145,79.9,139.31,11.61
3345-JHUEO,0.575,20.2,139.34,11.61
2930-UOTMB,0.178,65.25,139.31,11.61
2480-JZOSN,0.561,20.65,139.05,11.59
4712-AUQZO,0.345,33.6,138.96,11.58
7666-WKRON,0.144,80.45,139.02,11.58
1814-DKOLC,0.454,25.45,138.79,11.57
2599-CZABP,0.259,44.6,138.7,11.56
1599-MMYRQ,0.142,81.45,138.44,11.54
5815-HGGHV,0.18,64.15,138.27,11.52
1488-PBLJN,0.098,116.85,137.97,11.5
5149-QYTTU,0.121,95.15,138.04,11.5
2320-JRSDE,0.578,19.9,137.91,11.49
3898-BSJYF,0.156,73.55,137.77,11.48
0813-TAXXS,0.148,77.8,137.79,11.48
0128-MKWSG,0.251,45.8,137.8,11.48
1352-HNSAW,0.099,115.6,137.68,11.47
4396-KLSEH,0.578,19.85,137.6,11.47
8262-COGGB,0.56,20.45,137.47,11.46
5996-DAOQL,0.56,20.45,137.47,11.46
7359-WWYJV,0.1,114.45,137.34,11.45
0285-INHLN,0.209,54.75,137.3,11.44
5269-NRGDP,0.156,73.15,137.24,11.44
9853-JFZDU,0.201,56.85,137.33,11.44
3617-XLSGQ,0.105,109.25,137.05,11.42
5640-CAXOA,0.283,40.35,136.93,11.41
3638-DIMPH,0.26,43.8,136.79,11.4
6345-HOVES,0.455,25.05,136.79,11.4
9289-LBQVU,0.162,70.15,136.58,11.38
3256-EZDBI,0.386,29.45,136.42,11.37
4987-GQWPO,0.453,25.1,136.37,11.36
8070-AAWZP,0.332,34.25,136.33,11.36
2081-KJSQF,0.561,20.25,136.36,11.36
9959-WOFKT,0.106,106.7,136.19,11.35
0019-EFAEP,0.112,101.3,136.04,11.34
5356-RHIPP,0.561,20.2,136.08,11.34
8305-VHZBZ,0.561,20.2,136.08,11.34
9955-QOPOY,0.187,60.8,136.08,11.34
4819-HJPIW,0.451,25.15,136.01,11.33
7814-LEEVE,0.557,20.3,135.58,11.3
1000-AJSLD,0.562,20.1,135.52,11.29
1240-KNSEZ,0.562,20.1,135.52,11.29
4795-WRNVT,0.173,65.1,135.38,11.28
4661-NJEUX,0.562,20.05,135.25,11.27
7569-NMZYQ,0.095,118.75,135.3,11.27
4304-TSPVK,0.098,114.9,135.2,11.27
5088-QZLRL,0.545,20.65,134.95,11.25
0953-LGOVU,0.316,35.5,134.83,11.24
5944-UGLLK,0.205,54.9,134.87,11.24
0909-SDHNU,0.377,29.8,134.73,11.23
3658-QQJYD,0.151,74.3,134.65,11.22
7740-KKCXF,0.374,30.05,134.69,11.22
1493-AMTIE,0.555,20.2,134.56,11.21
7893-IXHRQ,0.545,20.55,134.42,11.2
2369-FEVNO,0.563,19.9,134.41,11.2
7136-IHZJA,0.157,71.35,134.27,11.19
9053-JZFKV,0.096,116.2,134.29,11.19
0396-UKGAI,0.202,55.3,134.17,11.18
4378-MYPGO,0.106,105.25,134.1,11.17
4634-JLRJT,0.549,20.35,134.02,11.17
6214-EDAKZ,0.202,55.15,133.91,11.16
9027-YFHQJ,0.445,25.05,133.88,11.16
4510-PYUSH,0.195,57.15,133.84,11.15
8073-IJDCM,0.549,20.3,133.75,11.15
5837-LXSDN,0.189,58.85,133.74,11.15
2465-BLLEU,0.564,19.75,133.57,11.13
0670-KDOMA,0.549,20.25,133.48,11.12
2876-VBBBL,0.549,20.25,133.48,11.12
0906-QVPMS,0.096,115.15,133.3,11.11
4682-BLBUC,0.157,70.95,133.28,11.11
3259-QMXUN,0.129,86.1,133.33,11.11
6784-XYJAE,0.199,55.8,133.29,11.11
7839-QRKXN,0.55,20.2,133.21,11.1
7710-JSYOA,0.119,93.3,133.2,11.1
2150-WLKUW,0.174,63.9,133.25,11.1
4942-VZZOM,0.168,66.15,133.05,11.09
3508-CFVZL,0.1,111.3,133.11,11.09
3810-DVDQQ,0.094,117.6,133.11,11.09
4897-QSUYC,0.55,20.15,132.94,11.08
0289-IVARM,0.183,60.55,132.83,11.07
7853-WNZSY,0.56,19.75,132.84,11.07
8513-OLYGY,0.095,115.8,132.7,11.06
3470-BTGQO,0.242,45.65,132.75,11.06
7989-CHGTL,0.564,19.6,132.73,11.06
7030-FZTFM,0.1,110.9,132.72,11.06
2200-DSAAL,0.137,80.65,132.58,11.05
5084-OOVCJ,0.2,55.35,132.57,11.05
9795-VOWON,0.453,24.35,132.45,11.04
0696-UKTOX,0.204,54.15,132.26,11.02
8620-RJPZN,0.532,20.7,132.25,11.02
0378-CJKPV,0.098,112.1,132.06,11.01
6968-URWQU,0.195,56.35,132.1,11.01
5906-BFOZT,0.565,19.5,132.16,11.01
9931-KGHOA,0.2,55.0,131.82,10.99
0254-KCJGT,0.135,81.4,131.83,10.99
9839-ETQOE,0.271,40.45,131.64,10.97
2955-PSXOE,0.543,20.2,131.68,10.97
4800-VHZKI,0.551,19.9,131.58,10.97
7291-CDTMJ,0.558,19.65,131.53,10.96
9680-NIAUV,0.1,109.7,131.34,10.94
5872-OEQNH,0.246,44.45,131.2,10.93
0013-SMEOE,0.1,109.7,131.13,10.93
5143-WMWOG,0.548,19.95,131.2,10.93
4667-OHGKG,0.566,19.3,131.03,10.92
4429-WYGFR,0.222,49.15,131.0,10.92
1360-RCYRT,0.359,30.35,130.88,10.91
8809-XKHMD,0.108,100.55,130.79,10.9
4588-YBNIB,0.552,19.6,129.94,10.83
8200-KLNYW,0.134,80.9,129.88,10.82
4011-ARPHK,0.215,50.35,129.85,10.82
1622-HSHSF,0.553,19.55,129.67,10.81
5989-AXPUC,0.091,118.6,129.68,10.81
0872-CASZJ,0.156,69.1,129.74,10.81
2927-CVULT,0.104,104.05,129.57,10.8
8879-ZKJOF,0.135,79.85,129.57,10.8
0939-EREMR,0.202,53.45,129.59,10.8
1741-WTPON,0.093,115.85,129.51,10.79
5756-OZRIO,0.168,64.05,129.48,10.79
8566-YPRGL,0.553,19.5,129.39,10.78
7298-IZWLY,0.553,19.4,128.84,10.74
7931-PXHFC,0.172,62.3,128.91,10.74
8670-ERCJH,0.095,113.4,128.9,10.74
5887-IKKYO,0.114,94.35,128.51,10.71
9318-NKNFC,0.568,18.85,128.47,10.71
1371-DWPAZ,0.191,56.05,128.49,10.71
7617-EYGLW,0.55,19.45,128.48,10.71
7228-PAQPD,0.181,59.1,128.44,10.7
9362-MWODR,0.167,64.1,128.18,10.68
9802-CAQUT,0.097,109.55,128.16,10.68
3258-SYSWS,0.094,113.8,127.94,10.66
2038-YSEZE,0.158,67.45,127.91,10.66
1937-OTUKY,0.109,98.2,127.95,10.66
0496-AHOOK,0.143,74.4,127.8,10.65
9013-AQORL,0.234,45.55,127.83,10.65
8259-NFJTV,0.307,34.65,127.52,10.63
1156-ZFYDO,0.537,19.75,127.29,10.61
1936-UAFEH,0.096,110.25,127.27,10.61
6121-VZNQB,0.555,19.1,127.19,10.6
7730-CLDSV,0.107,98.65,127.14,10.59
4232-JGKIY,0.552,19.2,127.11,10.59
3259-KNMRR,0.132,79.75,126.78,10.57
6075-QMNRR,0.212,49.75,126.84,10.57
1098-TDVUQ,0.548,19.25,126.56,10.55
6344-SFJVH,0.423,24.9,126.52,10.54
6990-YNRIO,0.097,108.65,126.49,10.54
8788-DOXSU,0.172,61.35,126.54,10.54
9798-DRYDS,0.17,61.95,126.33,10.53
8319-QBEHW,0.263,39.95,126.3,10.53
6743-HHQPF,0.419,25.1,126.33,10.53
5791-KAJFD,0.153,68.75,126.15,10.51
2908-ZTPNF,0.302,34.85,126.12,10.51
0384-LPITE,0.169,62.05,126.06,10.51
5020-ZSTTY,0.127,82.45,126.1,10.51
6341-JVQGF,0.129,81.15,125.72,10.48
2346-DJQTB,0.434,24.15,125.66,10.47
8630-QSGXK,0.139,75.2,125.38,10.45
4390-KYULV,0.508,20.55,125.35,10.45
1576-PFZIW,0.099,105.35,125.19,10.43
0761-AETCS,0.539,19.3,124.9,10.41
2586-CWXVV,0.342,30.4,124.74,10.39
5829-NVSQN,0.151,68.75,124.69,10.39
6942-LBFDP,0.505,20.55,124.43,10.37
5382-TEMLV,0.203,50.9,124.17,10.35
5018-HEKFO,0.422,24.5,124.06,10.34
3594-IVHJZ,0.506,20.45,124.06,10.34
5049-MUBWG,0.138,75.0,123.93,10.33
7445-WMRBW,0.14,73.85,123.99,10.33
8454-AATJP,0.09,115.05,123.82,10.32
7636-XUHWW,0.518,19.9,123.65,10.3
3007-FDPEA,0.497,20.7,123.55,10.3
1125-SNVCK,0.235,43.8,123.32,10.28
0308-IVGOK,0.255,40.4,123.41,10.28
7854-EKTJL,0.524,19.6,123.26,10.27
2640-LYMOV,0.523,19.65,123.27,10.27
7472-EQOAV,0.118,86.7,123.13,10.26
0463-WZZKO,0.493,20.75,122.86,10.24
8099-MZPUJ,0.091,111.8,122.65,10.22
8992-CEUEN,0.542,18.85,122.49,10.21
4418-LZMSV,0.165,61.8,122.38,10.2
8466-PZBLH,0.097,104.6,122.38,10.2
5018-LXQQG,0.154,66.3,122.44,10.2
0871-OPBXW,0.508,20.05,122.25,10.19
9057-MSWCO,0.331,30.75,122.12,10.18
8904-OPDCK,0.408,24.95,122.12,10.18
2338-BQEZT,0.201,50.55,122.17,10.18
4986-MXSFP,0.509,20.0,122.04,10.17
1898-JSNDC,0.173,58.6,121.95,10.16
7839-NUIAA,0.17,59.8,121.79,10.15
8267-KFGYD,0.482,21.05,121.71,10.14
4922-CVPDX,0.138,73.5,121.57,10.13
7049-GKVZY,0.127,79.85,121.59,10.13
3850-OKINF,0.153,66.2,121.26,10.11
9052-DHNKM,0.164,61.55,121.14,10.1
8582-KRHPJ,0.289,35.0,121.23,10.1
2325-ZUSFD,0.144,70.1,120.87,10.07
3097-PYWXL,0.504,19.95,120.77,10.06
1661-CZBAU,0.142,70.95,120.72,10.06
2634-HCZGT,0.168,60.05,120.7,10.06
6941-KXRRV,0.17,58.95,120.56,10.05
9308-ANMVE,0.181,55.3,120.3,10.03
5066-GFJMM,0.504,19.9,120.37,10.03
9938-ZREHM,0.139,72.1,120.27,10.02
1708-PBBOA,0.183,54.75,120.24,10.02
9817-APLHW,0.401,25.0,120.23,10.02
9137-NOQKA,0.521,19.2,120.14,10.01
1455-HFBXA,0.109,91.6,120.05,10.0
7541-YLXCL,0.153,65.4,120.0,10.0
5855-EIBDE,0.094,106.65,119.96,10.0
3099-OONVS,0.184,54.3,119.78,9.98
3137-NYQQI,0.154,64.8,119.61,9.97
4255-DDUOU,0.487,20.5,119.68,9.97
2519-TWKFS,0.181,55.1,119.59,9.97
4884-TVUQF,0.098,101.3,119.57,9.96
1449-XQEMT,0.503,19.8,119.56,9.96
7976-CICYS,0.481,20.7,119.4,9.95
4781-ZXYGU,0.494,20.15,119.42,9.95
1222-LRYKO,0.377,26.35,119.25,9.94
8024-XNAFQ,0.093,107.4,119.24,9.94
6184-DYUOB,0.507,19.6,119.14,9.93
6670-MFRPK,0.125,79.2,118.98,9.92
7526-IVLYU,0.505,19.65,118.99,9.92
6663-JOCQO,0.132,75.25,118.89,9.91
7375-WMVMT,0.103,95.5,118.58,9.88
6161-ERDGD,0.115,85.45,118.39,9.87
4353-HYOJD,0.198,49.85,118.2,9.85
2832-SCUCO,0.495,19.9,118.19,9.85
0377-JBKKT,0.17,57.95,118.11,9.84
5868-YTYKS,0.486,20.25,118.05,9.84
1725-IQNIY,0.09,109.75,117.88,9.82
6791-YBNAK,0.384,25.55,117.79,9.82
2393-DIVAI,0.49,20.0,117.57,9.8
7853-GVUDZ,0.485,20.15,117.3,9.78
0723-VSOBE,0.286,34.2,117.31,9.78
8224-UAXBZ,0.215,45.35,117.26,9.77
5144-PQCDZ,0.489,19.95,117.01,9.75
7690-KPNCU,0.133,73.05,116.64,9.72
9039-ZVJDC,0.508,19.1,116.48,9.71
3441-CGZJH,0.16,60.4,116.28,9.69
4765-OXPPD,0.149,65.0,116.3,9.69
5327-XOKKY,0.132,73.45,116.17,9.68
3230-JCNZS,0.098,99.0,116.13,9.68
6848-YLDFR,0.128,75.2,115.96,9.66
1087-UDSIH,0.493,19.6,115.89,9.66
0690-SRQID,0.491,19.65,115.85,9.65
7520-HQWJU,0.143,67.45,115.77,9.65
8404-VLQFB,0.382,25.25,115.71,9.64
9103-CXVOK,0.487,19.75,115.53,9.63
4808-YNLEU,0.155,62.15,115.39,9.62
3442-ZHHCC,0.125,76.9,115.43,9.62
3134-DSHVC,0.098,98.0,115.3,9.61
2746-DIJLO,0.171,56.3,115.28,9.61
8480-PPONV,0.083,115.55,115.38,9.61
6374-NTQLP,0.092,104.1,115.17,9.6
7663-YJHSN,0.092,103.95,115.09,9.59
7925-PNRGI,0.118,81.3,115.1,9.59
5055-BRMNE,0.09,106.7,115.02,9.59
6469-QJKZW,0.475,20.15,114.97,9.58
2111-DWYHN,0.454,21.1,114.94,9.58
3744-ZBHON,0.474,20.2,114.85,9.57
5641-DMBFJ,0.113,84.3,114.68,9.56
6194-HBGQN,0.118,81.15,114.76,9.56
9500-IWPXQ,0.12,79.4,114.7,9.56
0134-XWXCE,0.128,74.85,114.74,9.56
9629-NHXFW,0.492,19.4,114.52,9.54
1725-MIMXW,0.49,19.45,114.31,9.53
5712-VBOXD,0.472,20.15,114.23,9.52
7696-AMHOD,0.122,78.0,114.15,9.51
3941-XTSKM,0.211,45.1,114.13,9.51
1730-VFMWO,0.189,50.2,114.01,9.5
7017-VFHAY,0.083,115.1,114.04,9.5
1298-PHBTI,0.112,84.8,113.85,9.49
2732-ISEZX,0.463,20.5,113.88,9.49
5524-KHNJP,0.127,74.75,113.91,9.49
3807-XHCJH,0.474,20.0,113.82,9.48
9388-ZEYVT,0.215,44.15,113.81,9.48
1724-IQWNM,0.49,19.3,113.6,9.47
4013-GUXND,0.455,20.8,113.67,9.47
9578-FOMUK,0.381,24.8,113.51,9.46
3882-IYOIJ,0.082,115.25,113.54,9.46
0679-TDGAK,0.125,75.5,113.46,9.45
9495-REDIY,0.232,40.65,113.25,9.44
7032-LMBHI,0.146,64.65,113.27,9.44
9972-NKTFD,0.173,54.65,113.18,9.43
3308-MHOOC,0.491,19.2,113.12,9.43
0268-QKIWO,0.477,19.75,113.02,9.42
5955-EPOAZ,0.45,20.95,113.05,9.42
5028-HTLJB,0.469,20.05,112.96,9.41
9570-KYEUA,0.095,99.25,112.95,9.41
1337-BOZWO,0.203,46.4,112.88,9.41
3976-NLDEZ,0.456,20.6,112.82,9.4
4056-QHXHZ,0.087,107.45,112.79,9.4
5730-RIITO,0.281,33.45,112.77,9.4
7005-CYUIL,0.095,99.4,112.75,9.4
5049-GLYVG,0.456,20.6,112.82,9.4
2700-LUEVA,0.453,20.75,112.69,9.39
6728-WYQBC,0.448,20.95,112.72,9.39
2632-IVXVF,0.084,111.75,112.63,9.39
9777-IQHWP,0.1,93.4,112.63,9.39
4513-CXYIX,0.116,80.7,112.66,9.39
1423-BMPBQ,0.494,19.0,112.61,9.38
4745-LSPLO,0.457,20.5,112.39,9.37
2055-BFOCC,0.112,84.0,112.47,9.37
7184-LRUUR,0.143,65.25,112.33,9.36
8434-PNQZX,0.119,78.45,112.23,9.35
0673-IGUQO,0.457,20.45,112.18,9.35
2668-TZSPS,0.457,20.45,112.18,9.35
4693-VWVBO,0.478,19.55,112.23,9.35
4104-PVRPS,0.174,53.6,112.14,9.34
6579-JPICP,0.457,20.4,111.96,9.33
0303-WMMRN,0.484,19.25,111.81,9.32
9708-KFDBY,0.454,20.55,111.84,9.32
3590-TCXTB,0.458,20.35,111.75,9.31
2676-ISHSF,0.458,20.3,111.54,9.29
9122-UMROB,0.458,20.3,111.54,9.29
3679-XASPY,0.477,19.45,111.32,9.28
7833-PKIHD,0.121,76.4,111.36,9.28
8203-XJZRC,0.458,20.25,111.32,9.28
8498-XXGWA,0.168,55.15,111.41,9.28
4211-MMAZN,0.458,20.25,111.32,9.28
5624-BQSSA,0.443,20.95,111.32,9.28
7434-SHXLS,0.443,20.9,111.12,9.26
8048-DSDFQ,0.458,20.2,111.11,9.26
0997-YTLNY,0.19,48.8,111.09,9.26
6380-ARCEH,0.458,20.2,111.11,9.26
9541-PWTWO,0.114,80.95,111.15,9.26
3247-MHJKM,0.458,20.2,111.11,9.26
7243-LCGGZ,0.443,20.9,111.12,9.26
4786-UKSNZ,0.458,20.2,111.11,9.26
4328-VUFWD,0.156,59.3,111.07,9.26
0426-TIRNE,0.443,20.9,111.12,9.26
9143-CANJF,0.168,55.15,110.96,9.25
8639-NHQEI,0.096,95.9,110.88,9.24
1066-JKSGK,0.459,20.15,110.89,9.24
1934-SJVJK,0.459,20.15,110.89,9.24
3148-BLQJT,0.459,20.1,110.67,9.22
6339-TBELP,0.107,86.4,110.65,9.22
8467-WYNSR,0.167,55.1,110.54,9.21
2724-FJDYW,0.168,54.85,110.54,9.21
2664-XJZNO,0.088,104.9,110.42,9.2
3030-ZKIWL,0.459,20.05,110.46,9.2
8749-CLJXC,0.459,20.05,110.46,9.2
7691-KGKGP,0.142,65.0,110.38,9.2
7096-UCLNH,0.459,20.05,110.46,9.2
9374-YOLBJ,0.478,19.25,110.4,9.2
4877-EVATK,0.459,20.0,110.24,9.19
7698-YFGEZ,0.459,20.0,110.24,9.19
6286-SUUWT,0.46,19.95,110.02,9.17
3694-GLTJM,0.466,19.65,109.88,9.16
5203-XEHAX,0.142,64.35,109.83,9.15
3682-YEUWS,0.375,24.4,109.7,9.14
7310-EGVHZ,0.452,20.2,109.57,9.13
2002-MZHWP,0.445,20.5,109.47,9.12
0635-WKOLD,0.129,70.75,109.41,9.12
7619-PLRLP,0.123,74.1,109.39,9.12
9753-OYLBX,0.445,20.5,109.47,9.12
0076-LVEPS,0.202,45.0,109.29,9.11
4892-VLANZ,0.46,19.8,109.37,9.11
4598-ZADCK,0.17,53.6,109.26,9.11
8777-PVYGU,0.142,64.3,109.27,9.11
4578-PHJYZ,0.132,68.75,109.25,9.1
3930-ZGWVE,0.461,19.75,109.15,9.1
6035-BXTTY,0.167,54.65,109.25,9.1
7239-HZZCX,0.461,19.75,109.15,9.1
3727-JEZTU,0.445,20.4,109.06,9.09
1963-VAUKV,0.445,20.4,109.06,9.09
1349-WXNGG,0.453,20.05,108.94,9.08
6615-ZGEDR,0.461,19.7,108.94,9.08
8221-EQDGL,0.149,61.0,108.86,9.07
2592-YKDIF,0.446,20.35,108.85,9.07
6141-OOXUQ,0.461,19.65,108.72,9.06
3785-NRHYR,0.461,19.65,108.72,9.06
8166-ZZTFS,0.112,80.55,108.57,9.05
2789-CZANW,0.082,110.3,108.53,9.04
6171-ZTVYB,0.136,66.25,108.38,9.03
7601-WFVZV,0.462,19.55,108.28,9.02
1029-QFBEN,0.462,19.55,108.28,9.02
4717-GHADL,0.113,79.6,107.99,9.0
8974-OVACP,0.447,20.15,108.01,9.0
3090-QFUVD,0.443,20.3,107.89,8.99
8393-JMVMB,0.462,19.45,107.84,8.99
5766-ZJYBB,0.462,19.4,107.62,8.97
3717-OFRTN,0.454,19.75,107.66,8.97
7083-YNSKY,0.353,25.4,107.56,8.96
7838-LAZFO,0.114,78.8,107.42,8.95
1194-SPVSP,0.455,19.65,107.23,8.94
7576-ASEJU,0.12,74.7,107.15,8.93
9917-KWRBE,0.114,78.35,107.02,8.92
6654-QGBZZ,0.448,19.9,106.97,8.91
7878-RTCZG,0.448,19.9,106.97,8.91
3900-AQPHZ,0.448,19.9,106.97,8.91
6933-FHBZC,0.159,56.05,106.86,8.91
1135-LMECX,0.448,19.85,106.76,8.9
5447-VYTKW,0.166,53.45,106.7,8.89
1663-MHLHE,0.463,19.2,106.74,8.89
2292-XQWSV,0.147,60.3,106.61,8.88
7707-PYBBH,0.143,61.9,106.49,8.87
2542-HYGIQ,0.445,19.95,106.44,8.87
7926-IJOOU,0.46,19.3,106.46,8.87
6124-ACRHJ,0.449,19.75,106.33,8.86
9441-QHEVC,0.464,19.1,106.29,8.86
9225-BZLNZ,0.104,85.25,106.25,8.85
1015-OWJKI,0.464,19.05,106.07,8.84
1338-CECEE,0.129,68.5,106.07,8.84
5393-HJZSM,0.116,76.3,106.05,8.84
9220-ZNKJI,0.099,88.8,106.01,8.83
0970-QXPXW,0.449,19.65,105.91,8.83
7721-DVEKZ,0.449,19.65,105.91,8.83
1397-XKKWR,0.25,35.3,105.98,8.83
8329-IBCTI,0.449,19.65,105.91,8.83
8562-GHPPI,0.445,19.8,105.81,8.82
0840-DCNZE,0.101,86.95,105.73,8.81
8883-ANODQ,0.104,84.4,105.54,8.8
2654-VBVPB,0.442,19.9,105.46,8.79
7100-FQPRV,0.122,71.9,105.48,8.79
2866-IKBTM,0.45,19.55,105.49,8.79
8605-ITULD,0.45,19.55,105.49,8.79
3655-SNQYZ,0.077,113.25,105.32,8.78
9975-SKRNR,0.465,18.9,105.4,8.78
7551-JOHTI,0.45,19.5,105.27,8.77
1905-OEILC,0.45,19.5,105.27,8.77
7657-DYEPJ,0.125,70.15,104.87,8.74
2576-HXMPA,0.447,19.55,104.76,8.73
4508-OEBEY,0.116,75.5,104.67,8.72
0014-BMAQU,0.103,84.65,104.26,8.69
6231-WFGFH,0.424,20.5,104.31,8.69
2220-IAHLS,0.447,19.4,104.13,8.68
6726-NNFWD,0.097,89.45,104.0,8.67
8659-IOOPU,0.086,100.45,104.03,8.67
9577-WJVCQ,0.159,54.45,103.87,8.66
7302-ZHMHP,0.452,19.15,103.78,8.65
6569-KTMDU,0.452,19.1,103.56,8.63
0842-IWYCP,0.192,44.95,103.57,8.63
5975-BAICR,0.136,63.7,103.6,8.63
4237-CLSMM,0.431,20.0,103.53,8.63
1877-HKBQX,0.158,54.6,103.39,8.62
2408-PSJVE,0.139,61.9,103.49,8.62
7570-WELNY,0.102,84.7,103.49,8.62
4163-KIUHY,0.336,25.6,103.25,8.6
7356-AYNJP,0.359,23.9,103.06,8.59
8003-EWNDZ,0.404,21.2,102.79,8.57
0816-TSPHQ,0.413,20.75,102.84,8.57
6258-NGCNG,0.365,23.5,102.81,8.57
4393-GEADV,0.075,114.75,102.85,8.57
3407-QGWLG,0.427,20.05,102.69,8.56
3133-PZNSR,0.087,97.75,102.63,8.55
8220-OCUFY,0.142,60.25,102.43,8.54
1032-MAELW,0.109,78.45,102.31,8.53
9555-SAHUZ,0.156,54.5,102.31,8.53
1536-YHDOE,0.137,62.1,102.08,8.51
2984-TBYKU,0.081,104.9,102.0,8.5
6158-DWPZT,0.353,24.1,101.98,8.5
8739-QOTTN,0.417,20.35,101.94,8.5
9258-CNWAC,0.075,113.65,101.86,8.49
8207-DMRVL,0.074,114.55,101.89,8.49
5012-YSPJJ,0.156,54.35,101.73,8.48
4195-SMMNX,0.415,20.35,101.41,8.45
6682-QJDGB,0.153,55.25,101.35,8.45
5067-DGXLL,0.416,20.25,101.1,8.43
5161-UBZXI,0.079,106.35,100.79,8.4
2233-TXSIU,0.189,44.45,100.79,8.4
9139-TWBAS,0.175,47.85,100.72,8.39
5781-BKHOP,0.083,100.65,100.63,8.39
7105-BENQF,0.129,64.85,100.62,8.38
7672-VFMXZ,0.151,55.7,100.61,8.38
0188-GWFLE,0.417,20.05,100.39,8.37
5919-VCZYM,0.418,20.05,100.46,8.37
3205-MXZRA,0.141,59.45,100.49,8.37
9700-ZCLOT,0.418,20.0,100.21,8.35
5204-HMGYF,0.096,87.2,100.0,8.33
4385-ZKVNW,0.152,54.9,99.88,8.32
8150-QUDFX,0.419,19.85,99.84,8.32
1183-CANVH,0.139,60.0,99.79,8.32
5073-RZGBK,0.104,80.05,99.83,8.32
5092-STPKP,0.147,56.35,99.68,8.31
2040-XBAVJ,0.073,114.45,99.69,8.31
2839-RFSQE,0.402,20.65,99.59,8.3
7017-VFULY,0.413,20.1,99.6,8.3
4198-VFOEA,0.247,33.6,99.41,8.28
3936-QQFLL,0.419,19.75,99.4,8.28
2150-UWTFY,0.135,61.15,99.38,8.28
5574-NXZIU,0.076,109.2,99.42,8.28
4134-BSXLX,0.136,60.9,99.24,8.27
5624-RYAMH,0.424,19.5,99.26,8.27
2621-UDNLU,0.396,20.85,99.08,8.26
8821-KVZKQ,0.141,58.4,99.01,8.25
2303-PJYHN,0.415,19.85,98.82,8.23
9818-XQCUV,0.404,20.35,98.67,8.22
4355-HBJHH,0.103,79.7,98.59,8.22
2342-CKIAO,0.404,20.3,98.48,8.21
9101-NTIXF,0.422,19.4,98.25,8.19
5716-EZXZN,0.083,99.05,98.32,8.19
7781-EWARA,0.136,60.35,98.15,8.18
0366-NQSHS,0.422,19.35,98.05,8.17
6394-HHHZM,0.395,20.7,98.06,8.17
4322-RCYMT,0.108,75.8,97.92,8.16
3635-JBPSG,0.21,38.8,97.86,8.15
8006-PYCSW,0.406,20.1,97.81,8.15
5562-YJQGT,0.401,20.35,97.86,8.15
2904-GGUAZ,0.097,84.05,97.63,8.14
5322-TEUJK,0.071,114.6,97.74,8.14
7808-DVWEP,0.407,20.0,97.61,8.13
0373-AIVNJ,0.205,39.55,97.47,8.12
5696-CEIQJ,0.079,103.15,97.46,8.12
2453-SAFNS,0.113,72.1,97.47,8.12
4730-AWNAU,0.134,60.7,97.46,8.12
1796-JANOW,0.406,19.95,97.3,8.11
1303-SRDOK,0.117,69.05,97.2,8.1
7901-IIDQV,0.148,54.6,96.78,8.06
7471-MQPOS,0.11,72.9,96.66,8.05
1301-LOPVR,0.145,55.35,96.44,8.04
0020-JDNXP,0.131,61.25,96.4,8.03
9739-JLPQJ,0.068,117.5,96.26,8.02
6635-MYYYZ,0.094,85.35,96.09,8.01
1097-FSPVW,0.146,54.55,95.89,7.99
9092-GDZKO,0.322,24.85,95.89,7.99
1051-GEJLJ,0.409,19.5,95.71,7.98
0883-EIBTI,0.409,19.5,95.74,7.98
2308-STERM,0.411,19.4,95.61,7.97
6776-TLWOI,0.401,19.85,95.5,7.96
0489-WMEMG,0.161,49.45,95.46,7.96
7874-ECPQJ,0.396,20.05,95.35,7.95
3585-YNADK,0.107,74.6,95.42,7.95
5515-IDEJJ,0.399,19.9,95.38,7.95
8311-UEUAB,0.105,75.5,95.26,7.94
1641-BYBTK,0.393,20.2,95.29,7.94
8035-BUYVG,0.187,42.35,95.13,7.93
3645-DEYGF,0.382,20.75,95.15,7.93
0396-HUJBP,0.411,19.3,95.15,7.93
3803-KMQFW,0.385,20.55,94.92,7.91
9367-OIUXP,0.382,20.7,94.96,7.91
0247-SLUJI,0.4,19.7,94.65,7.89
9770-LXDBK,0.386,20.4,94.39,7.87
1752-OZXFY,0.131,59.8,94.18,7.85
3506-LCJDC,0.393,19.95,94.11,7.84
3831-YCPUO,0.072,109.5,94.03,7.84
6620-HVDUJ,0.13,60.45,94.0,7.83
0628-CNQRM,0.116,67.5,93.66,7.81
9473-CBZOP,0.132,59.0,93.7,7.81
6691-CCIHA,0.092,84.95,93.75,7.81
8350-NYMVI,0.19,41.1,93.74,7.81
0278-YXOOG,0.37,21.05,93.57,7.8
6519-ZHPXP,0.072,108.3,93.46,7.79
0565-IYCGT,0.099,78.6,93.3,7.78
6734-CKRSM,0.388,20.0,93.21,7.77
2483-XSSMZ,0.162,47.85,93.21,7.77
1053-MXTTK,0.072,108.65,93.25,7.77
2710-WYVXG,0.109,71.1,93.27,7.77
8785-EPNCG,0.335,23.15,93.09,7.76
9962-BFPDU,0.387,20.05,93.17,7.76
6447-GORXK,0.31,25.0,93.08,7.76
2450-ZKEED,0.144,53.8,92.95,7.75
0178-CIIKR,0.389,19.95,93.02,7.75
5499-ECUTN,0.117,66.05,92.97,7.75
1855-CFULU,0.386,20.05,92.88,7.74
6034-ZRYCV,0.143,54.2,92.92,7.74
2812-SFXMJ,0.385,20.05,92.73,7.73
0030-FNXPP,0.389,19.85,92.72,7.73
3373-YZZYM,0.403,19.2,92.79,7.73
0137-UDEUO,0.389,19.85,92.77,7.73
7244-QWYHG,0.174,44.45,92.66,7.72
1137-DGOWI,0.11,70.25,92.43,7.7
4611-ANLQC,0.154,50.05,92.38,7.7
5702-SKUOB,0.393,19.6,92.36,7.7
6469-MRVET,0.381,20.2,92.31,7.69
4558-CGYCZ,0.389,19.75,92.26,7.69
6549-YMFAW,0.362,21.25,92.22,7.68
4291-HPAXL,0.386,19.85,92.03,7.67
3280-MRDOF,0.111,69.1,92.09,7.67
4903-UYAVB,0.397,19.35,92.07,7.67
9426-SXNHE,0.409,18.75,91.92,7.66
4486-EFAEB,0.375,20.4,91.76,7.65
6849-WLEYG,0.387,19.75,91.67,7.64
4785-NKHCX,0.381,20.05,91.67,7.64
8865-TNMNX,0.154,49.55,91.6,7.63
6621-YOBKI,0.375,20.35,91.55,7.63
2439-QKJUL,0.376,20.25,91.4,7.62
9986-BONCE,0.364,20.95,91.43,7.62
7639-LIAYI,0.096,79.75,91.43,7.62
0572-ZJKLT,0.076,99.65,91.34,7.61
8410-BGQXN,0.392,19.4,91.33,7.61
5687-DKDTV,0.374,20.35,91.24,7.6
4760-XOHVN,0.39,19.45,91.04,7.59
6502-KUGLL,0.127,59.45,90.93,7.58
0927-CNGRH,0.388,19.55,90.97,7.58
3675-EQOZA,0.367,20.65,90.9,7.57
9618-LFJRU,0.37,20.45,90.84,7.57
0083-PIVIK,0.093,81.25,90.8,7.57
4877-TSOFF,0.1,75.75,90.87,7.57
4397-FRLTA,0.375,20.15,90.74,7.56
6377-KSLXC,0.378,19.95,90.56,7.55
1336-EZFZY,0.376,20.05,90.45,7.54
4135-FRWKJ,0.099,76.25,90.41,7.53
6490-FGZAT,0.364,20.65,90.18,7.52
7234-KMNRQ,0.395,19.0,89.97,7.5
5222-JCXZT,0.395,19.0,90.01,7.5
1282-IHQAC,0.17,44.05,89.97,7.5
2159-TURXX,0.374,20.05,90.05,7.5
8996-ZROXE,0.14,53.5,90.0,7.5
8400-WZICQ,0.134,55.7,89.88,7.49
5510-BOIUJ,0.389,19.25,89.9,7.49
3417-TSCIC,0.301,24.85,89.62,7.47
8383-SGHJU,0.126,59.4,89.66,7.47
3806-YAZOV,0.397,18.8,89.46,7.46
3285-UCQVC,0.261,28.6,89.43,7.45
8317-BVKSO,0.372,20.05,89.39,7.45
6416-JNVRK,0.134,55.65,89.45,7.45
1322-AGOQM,0.245,30.3,89.22,7.43
0310-SUCIN,0.088,84.8,89.11,7.43
2522-WLNSF,0.115,64.2,88.67,7.39
9297-FVVDH,0.087,84.5,88.71,7.39
1925-GMVBW,0.36,20.55,88.65,7.39
3977-QCRSL,0.366,20.15,88.48,7.37
3026-ATZYV,0.098,75.1,88.5,7.37
2887-JPYLU,0.163,45.2,88.32,7.36
4576-CSAJH,0.133,55.15,88.16,7.35
0080-EMYVY,0.143,51.45,88.2,7.35
0853-TWRVK,0.069,105.6,87.99,7.33
4526-RMTLL,0.096,76.15,87.9,7.33
1452-UZOSF,0.069,106.1,87.88,7.32
3363-EWLGO,0.367,19.95,87.89,7.32
7247-XOZPB,0.095,77.4,87.8,7.32
8680-CGLTP,0.125,58.75,87.87,7.32
8690-UPCZI,0.106,69.05,87.78,7.32
2928-HLDBA,0.353,20.7,87.6,7.3
2364-UFROM,0.104,70.4,87.6,7.3
7787-BNTZM,0.362,20.15,87.61,7.3
8044-BGWPI,0.345,21.15,87.6,7.3
9530-GRMJG,0.087,84.1,87.63,7.3
7266-GSSJX,0.356,20.45,87.39,7.28
4227-OJHAL,0.1,73.0,87.4,7.28
4445-KWOKW,0.121,60.15,87.26,7.27
1755-RMCXH,0.357,20.3,87.06,7.25
4140-WJAWW,0.365,19.85,86.92,7.24
9788-YTFGE,0.363,19.95,86.94,7.24
5202-IVJNU,0.24,30.1,86.57,7.21
9251-WNSOD,0.096,75.1,86.54,7.21
8053-WWDRO,0.369,19.5,86.44,7.2
5777-KJIRB,0.143,50.25,86.36,7.2
1866-NXPSP,0.095,75.55,86.34,7.2
3392-EHMNK,0.077,94.1,86.39,7.2
5850-BDWCY,0.357,20.2,86.44,7.2
5236-XMZJY,0.12,59.65,85.94,7.16
9412-ARGBX,0.075,95.5,85.8,7.15
6972-SNKKW,0.358,20.0,85.83,7.15
4365-MSDYN,0.365,19.55,85.73,7.14
8295-FHIVV,0.368,19.4,85.64,7.14
7140-ADSMJ,0.349,20.45,85.63,7.14
7968-QUXNS,0.377,18.95,85.62,7.13
1247-QBVSH,0.142,50.2,85.52,7.13
1642-HMARX,0.078,91.7,85.43,7.12
8782-NUUOL,0.09,79.0,85.42,7.12
6806-YDEUL,0.365,19.5,85.4,7.12
0810-DHDBD,0.096,74.0,85.41,7.12
9000-PLFUZ,0.143,49.45,85.07,7.09
5753-QQWPW,0.118,59.9,84.94,7.08
7951-VRDVK,0.082,85.85,84.74,7.06
6736-DHUQI,0.083,84.8,84.66,7.05
4223-BKEOR,0.109,64.85,84.57,7.05
8559-CIZFV,0.091,77.5,84.55,7.05
9970-QBCDA,0.358,19.7,84.52,7.04
2088-IEBAU,0.08,88.15,84.36,7.03
2410-CIYFZ,0.344,20.4,84.24,7.02
9575-IWCAZ,0.28,25.1,84.23,7.02
1614-JBEBI,0.338,20.7,84.07,7.01
7107-UBYKY,0.272,25.75,84.14,7.01
1386-ZIKUV,0.37,18.95,84.16,7.01
7771-ZONAT,0.123,56.75,83.83,6.99
9512-PHSMG,0.34,20.55,83.89,6.99
5906-DVAPM,0.093,75.0,83.89,6.99
7322-OCWHC,0.075,93.05,83.46,6.96
3181-VTHOE,0.136,51.05,83.24,6.94
3981-QSVQI,0.352,19.7,83.14,6.93
0866-QLSIR,0.108,64.4,83.08,6.92
6661-EIPZC,0.234,29.5,83.0,6.92
4072-IPYLT,0.136,51.05,83.03,6.92
0557-ASKVU,0.127,54.4,83.08,6.92
1984-GPTEH,0.275,25.15,82.97,6.91
6440-DKQGE,0.107,64.5,82.66,6.89
8097-OMULG,0.09,76.75,82.68,6.89
9837-FWLCH,0.358,19.2,82.43,6.87
1063-DHQJF,0.075,92.15,82.42,6.87
1265-BCFEO,0.085,80.45,82.49,6.87
6754-LZUKA,0.085,80.9,82.47,6.87
4178-EGMON,0.078,88.0,82.19,6.85
0983-TATYJ,0.133,51.45,82.11,6.84
8313-AFGBW,0.093,73.6,81.93,6.83
0181-RITDD,0.063,108.15,81.98,6.83
8932-CZHRQ,0.089,76.75,81.88,6.82
7109-CQYUZ,0.076,89.25,81.85,6.82
4541-RMRLG,0.354,19.25,81.7,6.81
6286-ZHAOK,0.266,25.55,81.61,6.8
6901-GOGZG,0.08,84.95,81.61,6.8
0248-PGHBZ,0.074,92.45,81.6,6.8
6937-GCDGQ,0.139,48.95,81.64,6.8
3675-YDUPJ,0.342,19.85,81.43,6.79
3847-BAERP,0.325,20.9,81.53,6.79
4830-FAXFM,0.281,24.1,81.34,6.78
0117-LFRMW,0.169,40.2,81.42,6.78
7994-XIRTR,0.104,65.25,81.16,6.76
8439-LTUGF,0.338,20.0,81.14,6.76
3156-QLHBO,0.351,19.25,81.15,6.76
7764-BDPEE,0.324,20.85,81.14,6.76
1385-TQOZW,0.33,20.45,81.01,6.75
4560-WQAQW,0.098,68.7,80.94,6.75
0305-SQECB,0.187,36.05,80.84,6.74
4160-AMJTL,0.343,19.65,80.86,6.74
9025-ZRPVR,0.356,18.95,80.91,6.74
2197-OMWGI,0.127,53.0,80.86,6.74
7876-AEHIG,0.112,60.15,80.88,6.74
0114-RSRRW,0.337,19.95,80.68,6.72
7706-DZNKK,0.329,20.45,80.65,6.72
7581-EBBOU,0.096,70.15,80.66,6.72
9027-TMATR,0.085,78.8,80.43,6.7
1784-BXEFA,0.326,20.55,80.38,6.7
8738-JOKAR,0.099,67.7,80.3,6.69
8398-TBIYD,0.079,84.7,80.17,6.68
7746-QYVCO,0.119,55.85,80.08,6.67
2091-GPPIQ,0.084,78.95,80.04,6.67
4174-LPGTI,0.1,66.5,80.04,6.67
9207-ZPANB,0.099,67.45,79.74,6.65
9919-FZDED,0.079,84.1,79.83,6.65
8815-LMFLX,0.261,25.4,79.56,6.63
6427-FEFIG,0.084,78.6,79.51,6.63
6598-KELSS,0.154,43.05,79.48,6.62
5555-RNPGT,0.267,24.8,79.38,6.62
9754-CLVZW,0.17,38.85,79.45,6.62
0487-CRLZF,0.089,74.45,79.17,6.6
4936-YPJNK,0.331,19.9,79.03,6.59
4114-QMKVN,0.096,68.75,79.1,6.59
0022-TCJCI,0.105,62.7,78.93,6.58
8760-ZRHKE,0.095,69.2,78.91,6.58
9640-ZSLDC,0.109,60.6,79.01,6.58
7521-YXVZY,0.33,19.95,79.01,6.58
3055-VTCGS,0.112,58.55,79.0,6.58
0661-WCQNQ,0.117,56.25,78.85,6.57
1452-XRSJV,0.129,51.05,78.81,6.57
6013-BHCAW,0.081,81.0,78.86,6.57
4106-HADHQ,0.082,80.0,78.67,6.56
1465-WCZVT,0.334,19.65,78.71,6.56
0078-XZMHT,0.077,85.15,78.67,6.56
7219-TLZHO,0.314,20.85,78.61,6.55
4860-YZGZM,0.327,20.0,78.57,6.55
2167-FQSTQ,0.071,92.4,78.52,6.54
6631-HMANX,0.076,85.45,78.33,6.53
3039-MJSLN,0.323,20.2,78.21,6.52
1395-OFUWC,0.222,29.3,78.15,6.51
6727-IOTLZ,0.079,81.95,78.12,6.51
3841-NFECX,0.067,96.35,77.87,6.49
6437-UDQJM,0.077,84.1,77.71,6.48
7102-JJVTX,0.133,48.6,77.81,6.48
7785-RDVIG,0.336,19.3,77.8,6.48
1140-UKVZG,0.261,24.8,77.65,6.47
9926-PJHDQ,0.084,76.8,77.64,6.47
3397-AVTKU,0.108,60.0,77.64,6.47
0031-PVLZI,0.318,20.35,77.62,6.47
4654-GGUII,0.161,40.2,77.45,6.45
8570-KLJYJ,0.118,54.45,77.31,6.44
5197-LQXXH,0.077,83.3,77.27,6.44
1744-JHKYS,0.261,24.7,77.33,6.44
2129-ALKBS,0.245,26.2,77.04,6.42
3354-OADJP,0.118,54.25,77.08,6.42
7173-TETGO,0.082,78.5,76.95,6.41
5127-BZENZ,0.098,65.2,76.88,6.41
0620-XEFWH,0.339,18.85,76.62,6.39
5982-PSMKW,0.07,91.1,76.57,6.38
1544-JJMYL,0.092,69.35,76.47,6.37
7841-FCRQD,0.118,53.75,76.4,6.37
0930-EHUZA,0.083,76.35,76.42,6.37
2126-GSEGL,0.075,84.8,76.48,6.37
9906-NHHVC,0.119,53.5,76.3,6.36
3474-BAFSJ,0.111,57.5,76.32,6.36
2511-MORQY,0.116,54.9,76.11,6.34
4024-CSNBY,0.067,94.25,75.92,6.33
4139-SUGLD,0.179,35.4,75.99,6.33
5820-PTRYM,0.092,68.45,75.86,6.32
1257-SXUXQ,0.325,19.45,75.86,6.32
6463-HHXJR,0.063,100.5,75.67,6.31
0320-DWVTU,0.063,99.5,75.74,6.31
1936-CZAKF,0.127,49.65,75.44,6.29
4981-FLTMF,0.096,65.2,75.18,6.27
5762-TJXGK,0.107,58.75,75.17,6.26
0142-GVYSN,0.308,20.3,75.09,6.26
9385-NXKDA,0.076,82.65,75.01,6.25
2057-BOYKM,0.065,96.6,74.92,6.24
1088-CNNKB,0.078,80.0,74.7,6.23
9294-TDIPC,0.308,20.2,74.62,6.22
2739-CCZMB,0.305,20.35,74.53,6.21
7508-KBIMB,0.11,56.25,74.57,6.21
4020-KIUDI,0.312,19.85,74.43,6.2
3724-UCSHY,0.317,19.55,74.32,6.19
9929-PLVPA,0.303,20.4,74.27,6.19
8871-JLMHM,0.069,90.2,74.34,6.19
5688-KZTSN,0.309,20.0,74.21,6.18
2890-WFBHU,0.077,79.85,73.93,6.16
7995-ZHHNZ,0.11,56.1,73.84,6.15
6719-FGEDO,0.063,97.0,73.82,6.15
4797-MIWUM,0.302,20.25,73.26,6.11
9795-NREXC,0.072,85.0,73.31,6.11
9209-NWPGU,0.093,65.4,73.3,6.11
2923-ARZLG,0.309,19.7,73.12,6.09
7037-MTYVW,0.071,85.4,72.93,6.08
9894-QMIMJ,0.109,55.8,72.96,6.08
9546-KDTRB,0.245,24.7,72.54,6.05
0895-UADGO,0.136,44.55,72.58,6.05
2676-SSLTO,0.091,66.15,72.6,6.05
1813-JYWTO,0.075,80.45,72.55,6.05
6164-HXUGH,0.304,19.85,72.5,6.04
7233-IOQNP,0.177,34.0,72.39,6.03
5160-UXJED,0.135,44.6,72.29,6.02
6752-APNJL,0.111,54.5,72.27,6.02
3077-RSNTJ,0.305,19.7,72.16,6.01
8259-DZLIZ,0.111,53.85,71.86,5.99
0098-BOWSO,0.309,19.4,71.86,5.99
7623-HKYRK,0.304,19.7,71.75,5.98
4719-UMSIY,0.304,19.65,71.58,5.97
1345-GKDZZ,0.305,19.55,71.55,5.96
0687-ZVTHB,0.082,72.45,71.58,5.96
1179-INLAT,0.307,19.45,71.55,5.96
0657-DOGUM,0.098,60.6,71.34,5.94
7670-ZBPOQ,0.097,61.05,71.29,5.94
6478-HRRCZ,0.084,70.5,70.87,5.91
0454-OKRCT,0.073,80.6,70.94,5.91
6950-TWMYB,0.074,79.95,70.89,5.91
5539-HIVAK,0.23,25.7,70.81,5.9
1735-XMJVH,0.305,19.35,70.82,5.9
2680-XKKNJ,0.101,58.2,70.46,5.87
0536-ESJEP,0.079,74.55,70.37,5.86
8944-AILEF,0.301,19.45,70.21,5.85
4737-HOBAX,0.073,79.8,70.12,5.84
6131-JLWZM,0.287,20.3,70.01,5.83
1023-BQXZE,0.078,74.35,69.83,5.82
2933-XEUJM,0.073,79.2,69.5,5.79
6586-MYGKD,0.075,76.95,69.47,5.79
4648-YPBTM,0.078,73.9,69.49,5.79
4116-IQRFR,0.24,24.1,69.37,5.78
5386-THSLQ,0.127,45.55,69.23,5.77
9146-JRIOX,0.226,25.55,69.29,5.77
0484-JPBRU,0.228,25.25,69.11,5.76
4872-VXRIL,0.089,64.65,68.94,5.75
9174-IHETN,0.082,70.35,69.04,5.75
9958-MEKUC,0.055,103.95,69.03,5.75
0334-ZFJSR,0.087,66.05,69.04,5.75
0074-HDKDG,0.093,61.6,68.91,5.74
7191-ADRGF,0.106,54.3,68.9,5.74
4776-XSKYQ,0.19,30.25,68.87,5.74
6967-PEJLL,0.142,40.2,68.73,5.73
3649-JPUGY,0.065,88.6,68.8,5.73
7094-MSZAO,0.285,20.05,68.67,5.72
3648-GZPHF,0.158,36.25,68.65,5.72
9702-AIUJO,0.127,44.8,68.51,5.71
9364-YKUVW,0.289,19.8,68.56,5.71
2599-CIPQE,0.052,109.3,68.36,5.7
0916-KNFAJ,0.082,69.9,68.42,5.7
6112-KTHFQ,0.294,19.3,68.16,5.68
4404-HIBDJ,0.076,74.3,68.14,5.68
2321-OMBXY,0.071,80.3,67.99,5.67
3315-IKYZQ,0.111,50.8,67.91,5.66
0787-LHDYT,0.275,20.6,67.95,5.66
6556-DBKZF,0.074,76.05,67.89,5.66
0980-FEXWF,0.112,50.35,67.87,5.66
0253-ZTEOB,0.071,79.65,67.72,5.64
8109-YUOHE,0.1,56.1,67.5,5.63
2877-VDUER,0.138,40.9,67.56,5.63
9746-YKGXB,0.127,44.25,67.49,5.62
7801-CEDNV,0.115,48.7,67.45,5.62
3605-JISKB,0.094,60.0,67.47,5.62
8200-LGKSR,0.067,83.2,67.3,5.61
5110-CHOPY,0.105,53.6,67.22,5.6
8106-GWQOK,0.093,60.0,67.17,5.6
1866-DIOQZ,0.084,66.8,67.04,5.59
5701-GUXDC,0.158,35.4,67.1,5.59
2332-EFBJY,0.284,19.7,67.07,5.59
5345-BMKWB,0.276,20.25,67.13,5.59
0750-EKNGL,0.269,20.75,66.87,5.57
7945-HLKEA,0.086,64.75,66.57,5.55
6674-KVJHG,0.219,25.2,66.1,5.51
0436-TWFFZ,0.065,85.25,66.13,5.51
1090-ESELR,0.052,105.5,65.95,5.5
3011-WQKSZ,0.274,20.0,65.84,5.49
7973-DZRKH,0.06,90.95,65.89,5.49
6559-ILWKJ,0.111,49.35,65.73,5.48
8668-KNZTI,0.102,53.75,65.78,5.48
6963-EZQEE,0.062,88.55,65.57,5.46
2040-LDIWQ,0.065,84.2,65.58,5.46
2302-OUZXB,0.066,82.15,65.35,5.45
4702-HDRKD,0.11,49.35,65.27,5.44
4182-BGSIQ,0.274,19.8,65.16,5.43
1834-ABKHQ,0.106,50.95,65.06,5.42
3957-HHLMR,0.083,65.2,64.99,5.42
8331-ZXFOE,0.076,71.1,64.91,5.41
8819-WFGGJ,0.1,54.1,64.8,5.4
0743-HNPFG,0.077,69.75,64.71,5.39
5062-CJJKH,0.1,53.65,64.64,5.39
9359-UGBTK,0.074,72.35,64.67,5.39
2245-ADZFJ,0.067,80.55,64.58,5.38
3569-VLDHH,0.072,75.1,64.51,5.38
5256-SKJGO,0.099,54.6,64.58,5.38
3530-CRZSB,0.26,20.65,64.48,5.37
2144-ESWKO,0.152,35.2,64.21,5.35
4895-TMWIR,0.268,19.95,64.17,5.35
1206-EHBDD,0.067,80.3,64.16,5.35
1042-HFUCW,0.097,54.75,64.03,5.34
4636-OLWOE,0.088,61.0,64.09,5.34
6671-NGWON,0.262,20.35,63.97,5.33
7508-DQAKK,0.062,86.4,63.96,5.33
4111-BNXIF,0.089,59.55,63.87,5.32
2404-JIBFC,0.063,85.1,63.83,5.32
4946-EDSEW,0.276,19.25,63.75,5.31
5061-PBXFW,0.086,61.4,63.69,5.31
6258-PVZWJ,0.058,90.8,63.7,5.31
1383-EZRWL,0.264,20.05,63.56,5.3
2193-SFWQW,0.047,111.95,63.59,5.3
8661-BOYNW,0.063,84.4,63.58,5.3
7777-UNYHB,0.263,20.1,63.43,5.29
9931-DCEZH,0.097,54.4,63.49,5.29
7845-URHJN,0.262,20.15,63.44,5.29
5616-PRTNT,0.272,19.4,63.35,5.28
1265-HVPZB,0.079,66.4,63.31,5.28
4568-TTZRT,0.258,20.4,63.23,5.27
8645-KOMJQ,0.064,81.95,63.21,5.27
7812-FZHPE,0.219,24.1,63.26,5.27
3308-JSGML,0.082,64.05,63.07,5.26
4083-EUGRJ,0.259,20.25,62.97,5.25
9782-LGXMC,0.085,61.75,62.94,5.25
0383-CLDDA,0.061,85.35,62.98,5.25
4293-ETKAP,0.066,79.4,62.91,5.24
5825-XJOCM,0.081,64.4,62.91,5.24
5893-PYOLZ,0.064,81.8,62.78,5.23
9553-DLCLU,0.059,88.95,62.81,5.23
9987-LUTYD,0.094,55.15,62.23,5.19
0310-VQXAM,0.262,19.85,62.32,5.19
2320-YKQBO,0.268,19.3,62.15,5.18
0455-ENTCR,0.061,85.25,62.15,5.18
1009-IRMNA,0.259,20.0,62.13,5.18
7311-MQJCH,0.265,19.55,62.2,5.18
3021-VLNRJ,0.073,70.8,62.03,5.17
1237-WIYYZ,0.264,19.55,61.93,5.16
8265-HKSOW,0.048,107.45,61.98,5.16
1171-TYKUR,0.203,25.4,61.97,5.16
8125-QPFJD,0.061,84.9,61.96,5.16
4623-ZKHLY,0.252,20.45,61.75,5.15
2252-NKNSI,0.06,85.15,61.72,5.14
2683-JXWQQ,0.153,33.6,61.63,5.14
7758-UJWYS,0.127,40.55,61.62,5.14
5396-IZEPB,0.26,19.7,61.51,5.13
8670-MEFCP,0.055,92.9,61.6,5.13
6166-YIPFO,0.079,64.7,61.58,5.13
2863-IMQDR,0.057,89.65,61.44,5.12
9715-SBVSU,0.083,61.4,61.37,5.11
6322-HRPFA,0.086,59.6,61.18,5.1
5862-BRIXZ,0.084,60.75,61.07,5.09
6586-PSJOX,0.092,55.2,61.12,5.09
4973-RLZVI,0.068,74.65,60.94,5.08
4403-BWPAY,0.205,24.8,60.91,5.08
6121-TNHBO,0.061,83.0,60.85,5.07
6278-FEPBZ,0.25,20.25,60.8,5.07
8963-MQVYN,0.246,20.55,60.68,5.06
3623-FQBOX,0.254,19.95,60.7,5.06
0380-ZCSBI,0.252,20.0,60.59,5.05
8608-OZTLB,0.068,74.05,60.62,5.05
8457-XIGKN,0.258,19.6,60.63,5.05
6979-TNDEU,0.262,19.2,60.47,5.04
8741-LQOBK,0.144,35.05,60.44,5.04
9932-WBWIK,0.247,20.35,60.3,5.02
2834-JKOOW,0.109,45.9,60.18,5.02
2023-VQFDL,0.264,19.0,60.28,5.02
2428-ZMCTB,0.254,19.75,60.25,5.02
3800-LYTRK,0.09,55.7,60.28,5.02
2371-JUNGC,0.247,20.25,60.11,5.01
7029-IJEJK,0.114,44.1,60.13,5.01
5980-BDHPY,0.057,87.1,60.04,5.0
6252-DFGTK,0.073,68.1,60.0,5.0
6229-UOLQL,0.096,52.0,60.02,5.0
1696-MZVAU,0.198,25.25,59.86,4.99
2791-SFVEW,0.247,20.15,59.8,4.98
9194-GFVOI,0.059,84.35,59.78,4.98
0594-UFTUL,0.251,19.85,59.71,4.98
6732-VAILE,0.058,85.95,59.75,4.98
2521-NPUZR,0.049,101.0,59.75,4.98
2977-CEBSX,0.055,90.05,59.67,4.97
7503-MIOGA,0.055,89.85,59.65,4.97
6682-VCIXC,0.097,51.25,59.5,4.96
4547-FZJWE,0.083,59.45,59.49,4.96
8165-CBKXO,0.087,56.75,59.45,4.95
2120-SMPEX,0.245,20.15,59.29,4.94
2348-KCJLT,0.08,61.5,59.3,4.94
6701-YVNQG,0.056,88.7,59.32,4.94
4304-XUMGI,0.066,75.15,59.17,4.93
6242-FEGFD,0.051,96.6,59.14,4.93
3340-QBBFM,0.091,54.1,59.21,4.93
8942-DBMHZ,0.241,20.45,59.21,4.93
5453-YBTWV,0.049,101.1,59.07,4.92
5702-KVQRD,0.06,82.55,59.02,4.92
1194-BHJYC,0.079,62.15,59.01,4.92
6202-JVYEU,0.247,19.9,59.05,4.92
6898-RBTLU,0.062,79.3,58.77,4.9
9778-OGKQZ,0.053,92.0,58.65,4.89
1991-VOPLL,0.257,19.05,58.73,4.89
8469-SNFFH,0.062,79.4,58.61,4.88
6234-RAAPL,0.049,99.9,58.59,4.88
2000-DHJUY,0.053,92.2,58.55,4.88
3752-CQSJI,0.238,20.45,58.46,4.87
5844-QVTAT,0.083,58.45,58.48,4.87
4859-ZSRDZ,0.088,55.5,58.39,4.87
6872-HXFNF,0.083,58.35,58.45,4.87
7727-SHVZV,0.249,19.5,58.3,4.86
3318-ISQFQ,0.248,19.5,58.09,4.84
7531-GQHME,0.242,20.05,58.14,4.84
8792-AOROI,0.074,65.5,58.06,4.84
4890-VMUAV,0.067,71.5,57.91,4.83
5248-YGIJN,0.053,90.25,57.91,4.83
8060-HIWJJ,0.056,86.55,57.79,4.82
3486-KHMLI,0.195,24.7,57.79,4.82
5997-OPVFA,0.054,89.05,57.85,4.82
7233-PAHHL,0.057,84.0,57.88,4.82
7711-YIJWC,0.057,84.9,57.81,4.82
2316-ESMLS,0.145,33.15,57.68,4.81
0234-TEVTT,0.107,45.0,57.68,4.81
5668-MEISB,0.045,106.1,57.59,4.8
9867-NNXLC,0.24,20.05,57.64,4.8
3401-URHDA,0.08,59.9,57.64,4.8
1488-SYSFC,0.232,20.65,57.57,4.8
9928-BZVLZ,0.096,49.85,57.54,4.79
8883-GRDWQ,0.089,54.0,57.49,4.79
9309-BZGNT,0.16,29.8,57.3,4.78
5025-GOOKI,0.253,18.9,57.35,4.78
0621-JFHOL,0.162,29.6,57.39,4.78
1539-LNKHM,0.233,20.4,57.08,4.76
0516-QREYC,0.234,20.3,57.07,4.76
9256-JTBNZ,0.235,20.3,57.13,4.76
8390-FESFV,0.056,84.5,57.14,4.76
3720-DBRWL,0.057,83.85,57.14,4.76
5321-NTRKC,0.06,79.85,57.16,4.76
5863-OOKCL,0.252,18.85,57.0,4.75
1094-BKOSX,0.093,51.0,57.01,4.75
2958-NHPPS,0.227,20.85,56.9,4.74
6838-HVLXG,0.233,20.3,56.83,4.74
7609-YBPXG,0.054,87.1,56.93,4.74
6195-MELTI,0.087,54.65,56.81,4.73
5173-ZXXXL,0.237,19.95,56.69,4.72
1402-PTHGN,0.077,61.5,56.6,4.72
6481-LXPWL,0.131,36.1,56.54,4.71
5808-TOTXO,0.229,20.55,56.5,4.71
3739-YBWAB,0.133,35.35,56.41,4.7
5387-ASZNZ,0.074,63.85,56.38,4.7
5684-FJVYR,0.052,90.35,56.4,4.7
2039-JONDJ,0.085,55.45,56.4,4.7
9367-TCUYN,0.234,20.1,56.43,4.7
8174-TBVCF,0.05,94.8,56.44,4.7
6418-HNFED,0.056,83.25,56.33,4.69
9880-TDQAC,0.078,60.0,56.28,4.69
7564-GHCVB,0.059,79.05,56.13,4.68
4667-QONEA,0.063,74.85,56.21,4.68
2405-LBMUW,0.092,50.7,56.13,4.68
3544-FBCAS,0.056,83.6,55.75,4.65
1563-IWQEX,0.236,19.7,55.85,4.65
9224-VTYID,0.051,90.5,55.68,4.64
3750-RNQKR,0.238,19.45,55.62,4.64
4664-NJCMS,0.078,59.55,55.72,4.64
1729-VLAZJ,0.115,40.25,55.56,4.63
7636-PEPNS,0.105,44.1,55.6,4.63
8204-TIFGJ,0.228,20.3,55.55,4.63
4086-ATNFV,0.076,60.8,55.55,4.63
9391-TTOYH,0.237,19.5,55.54,4.63
3654-ARMGP,0.052,88.65,55.55,4.63
6174-NRBTZ,0.15,30.75,55.39,4.62
9619-GSATL,0.083,55.45,55.4,4.62
3410-YOQBQ,0.058,79.2,55.4,4.62
1227-UDMZR,0.051,91.15,55.39,4.62
5306-BVTKJ,0.083,55.8,55.35,4.61
6870-ECSHE,0.226,20.45,55.36,4.61
8909-BOLNL,0.217,21.2,55.19,4.6
8780-RSYYU,0.24,19.2,55.26,4.6
2753-JMMCV,0.062,74.2,55.05,4.59
7021-XSNYE,0.092,49.65,55.08,4.59
6598-RFFVI,0.237,19.3,54.95,4.58
2690-DVRVK,0.223,20.55,54.94,4.58
7138-GIRSH,0.066,69.5,54.93,4.58
4732-RRJZC,0.226,20.25,54.86,4.57
9470-YFUYI,0.064,71.0,54.9,4.57
1139-WUOAH,0.086,53.35,54.82,4.57
0104-PPXDV,0.091,50.3,54.79,4.57
2990-OGYTD,0.053,86.15,54.82,4.57
6103-QCKFX,0.081,56.25,54.74,4.56
1525-LNLOJ,0.072,63.3,54.75,4.56
4854-SSLTN,0.077,59.5,54.66,4.56
2495-TTHBQ,0.223,20.4,54.65,4.55
7956-XQWGU,0.235,19.4,54.62,4.55
9350-ZXYJC,0.18,25.3,54.51,4.54
2882-DDZPG,0.233,19.45,54.45,4.54
1971-DTCZB,0.05,90.95,54.5,4.54
5003-XZWWO,0.054,84.2,54.32,4.53
1154-HYWWO,0.064,70.6,54.26,4.52
2400-XIWIO,0.05,90.1,54.28,4.52
5575-GNVDE,0.079,56.95,54.29,4.52
2239-CFOUJ,0.221,20.4,54.15,4.51
0121-SNYRK,0.127,35.4,54.12,4.51
6522-OIQSX,0.082,54.95,53.99,4.5
6648-INWPS,0.223,20.15,53.97,4.5
9018-PCIOK,0.069,64.75,54.0,4.5
3911-RSNHI,0.073,61.4,53.69,4.47
0945-TSONX,0.052,85.3,53.69,4.47
8218-FFJDS,0.052,86.4,53.68,4.47
6261-RCVNS,0.06,73.9,53.48,4.46
0757-WCUUZ,0.07,63.35,53.4,4.45
3012-VFFMN,0.216,20.65,53.44,4.45
8565-WUXZU,0.052,84.8,53.4,4.45
3181-MIZBN,0.225,19.75,53.3,4.44
3108-PCCGG,0.053,84.45,53.33,4.44
5774-XZTQC,0.217,20.45,53.14,4.43
8571-ZCMCX,0.074,60.0,53.04,4.42
7816-VGHTO,0.109,40.55,53.1,4.42
9548-ZMVTX,0.049,90.45,52.93,4.41
2809-ILCYT,0.165,26.8,52.93,4.41
6837-BJYDQ,0.225,19.6,52.97,4.41
5562-BETPV,0.224,19.65,52.77,4.4
1064-FBXNK,0.221,19.85,52.62,4.39
9297-EONCV,0.048,91.35,52.68,4.39
6543-JXSOO,0.076,57.75,52.61,4.38
9253-VIFJQ,0.065,67.05,52.46,4.37
4054-CUMIA,0.215,20.25,52.29,4.36
1159-WFSGR,0.213,20.4,52.19,4.35
7622-FWGEW,0.051,85.65,52.15,4.35
0771-CHWSK,0.058,74.6,52.16,4.35
1187-WILMM,0.049,89.4,52.25,4.35
2466-NEJOJ,0.221,19.65,52.21,4.35
4115-UMJFQ,0.122,35.75,52.15,4.35
4115-BNPJY,0.057,75.55,52.11,4.34
1960-UOTYM,0.055,79.2,51.91,4.33
4393-OBCRR,0.214,20.25,51.99,4.33
1045-LTCYT,0.205,21.05,51.82,4.32
3082-YVEKW,0.056,77.15,51.75,4.31
9830-ECLEN,0.086,50.0,51.75,4.31
3061-BCKYI,0.216,19.9,51.5,4.29
9750-BOOHV,0.142,30.15,51.53,4.29
9339-FIIJL,0.05,85.95,51.51,4.29
2612-PHGOX,0.056,76.1,51.45,4.29
8766-PAFNE,0.054,79.1,51.33,4.28
8189-DUKMV,0.209,20.5,51.39,4.28
5619-XZZKR,0.214,19.95,51.33,4.28
1850-AKQEP,0.21,20.35,51.39,4.28
2361-UPSND,0.06,70.6,51.19,4.27
6260-XLACS,0.217,19.7,51.25,4.27
3422-WJOYD,0.079,54.35,51.22,4.27
2967-MXRAV,0.227,18.8,51.14,4.26
8144-DGHXP,0.053,80.6,51.02,4.25
6656-GULJQ,0.051,83.55,50.84,4.24
7998-ZLXWN,0.208,20.45,50.94,4.24
4881-GQJTW,0.216,19.6,50.7,4.23
7269-JISCY,0.094,45.05,50.65,4.22
7325-ENZFI,0.105,40.3,50.62,4.22
9330-DHBFL,0.064,66.25,50.66,4.22
1498-NHTLT,0.049,86.75,50.51,4.21
7501-IWUNG,0.057,73.8,50.4,4.2
0654-PQKDW,0.059,70.75,50.42,4.2
8898-KASCD,0.118,35.55,50.33,4.19
6061-GWWAV,0.06,70.2,50.27,4.19
6047-SUHPR,0.07,59.8,50.12,4.18
8735-NBLWT,0.205,20.4,50.11,4.18
8138-EALND,0.212,19.75,50.19,4.18
6120-RJKLU,0.052,79.95,50.05,4.17
2987-BJXIK,0.049,84.7,50.09,4.17
2541-YGPKE,0.065,63.7,49.95,4.16
9522-ZSINC,0.208,19.95,49.78,4.15
3823-KYNQY,0.166,24.95,49.74,4.15
5129-HHMZC,0.048,86.45,49.74,4.14
0946-FKYTX,0.138,30.1,49.71,4.14
4891-NLUBA,0.067,61.45,49.65,4.14
4063-EIKNQ,0.198,20.95,49.71,4.14
4770-QAZXN,0.212,19.45,49.52,4.13
9720-JJJOR,0.068,60.3,49.46,4.12
1492-KGETH,0.052,78.35,49.34,4.11
1430-SFQSA,0.115,35.6,49.22,4.1
4801-KFYKL,0.211,19.45,49.16,4.1
2717-HVIZY,0.204,20.05,49.04,4.09
6036-TTFYU,0.209,19.6,49.1,4.09
1897-OKVMW,0.045,90.6,49.13,4.09
8246-SHFGA,0.194,21.1,49.11,4.09
4079-ULGFR,0.205,20.0,49.08,4.09
7110-BDTWG,0.087,47.05,49.05,4.09
7435-ZNUYY,0.198,20.6,49.03,4.09
2239-CGBUZ,0.068,60.5,49.09,4.09
4694-PHWFW,0.205,19.95,48.96,4.08
6476-EPYZR,0.199,20.5,48.89,4.07
9705-ZJBCG,0.075,54.15,48.83,4.07
8100-PNJMH,0.046,88.85,48.79,4.07
0016-QLJIS,0.045,90.45,48.7,4.06
7338-ERIVA,0.09,45.05,48.58,4.05
0347-UBKUZ,0.203,19.9,48.54,4.05
4488-PSYCG,0.2,20.25,48.63,4.05
0674-GCDXG,0.056,71.9,48.66,4.05
8461-EFQYM,0.166,24.25,48.33,4.03
5317-FLPJF,0.066,61.35,48.33,4.03
8573-CGOCC,0.204,19.75,48.4,4.03
4751-ERMAN,0.053,75.4,48.34,4.03
9479-HYNYL,0.05,80.7,48.35,4.03
9995-HOTOH,0.068,59.0,48.23,4.02
3249-VHRIP,0.092,43.6,48.19,4.02
6040-CGACY,0.204,19.6,48.09,4.01
1271-UODNO,0.074,53.85,48.07,4.01
2027-DNKIV,0.068,58.75,48.08,4.01
9227-YBAXE,0.049,82.5,48.17,4.01
3166-PNEOF,0.046,86.45,48.05,4.0
0459-SPZHJ,0.048,83.5,48.05,4.0
3727-OWVYD,0.065,61.2,47.92,3.99
4827-DPADN,0.048,83.3,47.93,3.99
1930-QPBVZ,0.042,95.1,47.82,3.99
2188-SXWVT,0.072,55.0,47.72,3.98
3034-ZBEQN,0.114,34.7,47.59,3.97
0487-VVUVK,0.207,19.15,47.49,3.96
0323-XWWTN,0.15,26.4,47.57,3.96
5577-OTWWW,0.199,19.75,47.28,3.94
4712-UYOOI,0.197,20.0,47.31,3.94
3482-ABPKK,0.072,54.3,47.22,3.94
2862-JVEOY,0.206,19.15,47.32,3.94
7301-ABVAD,0.045,86.6,47.16,3.93
5245-VDBUR,0.111,35.45,47.11,3.93
7542-CYDDM,0.196,20.05,47.15,3.93
9127-QRZMH,0.066,59.85,47.08,3.92
6248-TKCQV,0.049,80.6,47.0,3.92
1568-LJSZU,0.042,92.2,46.89,3.91
4697-LUPSU,0.194,20.2,46.97,3.91
2282-YGNOR,0.067,58.0,46.83,3.9
2223-KAGMX,0.201,19.4,46.84,3.9
3489-VSFRD,0.065,60.25,46.66,3.89
2725-TTRIQ,0.046,84.2,46.74,3.89
0547-HURJB,0.185,21.05,46.73,3.89
5789-LDFXO,0.158,24.6,46.59,3.88
8745-PVESG,0.094,41.1,46.58,3.88
4464-JCOLN,0.195,19.85,46.52,3.88
2226-ICFDO,0.045,85.9,46.39,3.87
6094-ZIVKX,0.071,54.45,46.3,3.86
6549-BTYPG,0.063,60.8,46.25,3.85
6082-GLJIX,0.2,19.25,46.12,3.84
5442-BXVND,0.158,24.25,46.05,3.84
6369-MCAKO,0.043,89.05,46.13,3.84
6434-TTGJP,0.071,53.7,46.05,3.84
0993-OSGPT,0.063,60.65,45.96,3.83
0604-THJFP,0.05,75.95,45.98,3.83
4077-HWUYD,0.044,87.55,45.9,3.82
7605-BDWDC,0.077,49.85,45.78,3.81
2274-XUATA,0.06,63.1,45.77,3.81
6461-PPAXN,0.069,54.95,45.63,3.8
4367-NUYAO,0.147,25.75,45.56,3.8
0909-SELIE,0.047,80.8,45.63,3.8
3824-RHKVR,0.193,19.7,45.58,3.8
2256-YLYLP,0.052,72.95,45.62,3.8
3146-MSEGF,0.043,88.05,45.5,3.79
7579-KKLOE,0.042,91.25,45.46,3.79
9548-LIGTA,0.047,81.05,45.43,3.79
1122-YJBCS,0.071,53.65,45.53,3.79
6122-LJADA,0.042,90.15,45.35,3.78
8681-ICONS,0.183,20.65,45.39,3.78
5260-UMPWX,0.187,20.25,45.39,3.78
2192-CKRLV,0.077,49.2,45.26,3.77
1837-YQUCE,0.065,58.35,45.23,3.77
1218-VKFPE,0.199,19.0,45.26,3.77
8610-ZIKJJ,0.186,20.3,45.29,3.77
1830-GGFNM,0.04,94.55,45.19,3.77
5318-YKDPV,0.048,79.15,45.23,3.77
3213-VVOLG,0.148,25.35,45.16,3.76
5456-ITGIC,0.058,64.45,45.09,3.76
1057-FOGLZ,0.191,19.65,45.09,3.76
6861-OKBCE,0.187,20.1,45.12,3.76
6924-TDGMT,0.183,20.55,45.11,3.76
5232-NXPAY,0.051,74.45,45.17,3.76
2430-RRYUW,0.069,54.8,45.05,3.75
5394-MEITZ,0.047,80.6,44.99,3.75
7089-RKVSZ,0.154,24.4,45.06,3.75
8631-XVRZL,0.186,20.15,44.98,3.75
2123-VSCOT,0.052,72.1,44.87,3.74
6332-FBZRI,0.054,69.35,44.86,3.74
8404-VIOMB,0.06,62.5,44.78,3.73
6408-WHTEF,0.042,89.4,44.76,3.73
0208-BPQEJ,0.192,19.4,44.64,3.72
6319-QSUSR,0.189,19.7,44.67,3.72
4654-ULTTN,0.05,74.8,44.52,3.71
5248-RPYWW,0.041,90.15,44.54,3.71
2243-FNMMI,0.191,19.4,44.43,3.7
9150-HEPMB,0.07,52.7,44.25,3.69
0336-KXKFK,0.06,61.2,44.28,3.69
8869-TORSS,0.061,60.35,44.31,3.69
0795-LAFGP,0.041,90.4,44.16,3.68
4334-HOWRP,0.057,64.95,44.22,3.68
9967-ATRFS,0.185,19.9,44.12,3.68
3398-GCPMU,0.041,89.55,44.21,3.68
9415-ZNBSX,0.041,89.0,44.14,3.68
3926-YZVVX,0.074,50.05,44.16,3.68
4295-YURET,0.051,72.6,44.21,3.68
9675-ICXCT,0.045,80.8,44.01,3.67
1866-ZSLJM,0.179,20.5,43.92,3.66
2361-FJWNO,0.102,36.0,43.9,3.66
7047-YXDMZ,0.183,20.0,43.96,3.66
0263-FJTQO,0.052,70.5,43.81,3.65
6114-TCFID,0.092,39.5,43.84,3.65
6509-TSGWN,0.138,26.45,43.8,3.65
3638-VBZTA,0.042,86.5,43.79,3.65
8727-XDPUD,0.102,35.8,43.64,3.64
6419-ZTTLE,0.175,20.75,43.68,3.64
6584-VQMYT,0.065,56.2,43.67,3.64
5906-CVLHP,0.067,54.15,43.6,3.63
2073-QBVBI,0.102,35.45,43.6,3.63
1951-IEYXM,0.04,90.6,43.45,3.62
5537-UXXVS,0.188,19.25,43.45,3.62
2926-JEJJC,0.179,20.2,43.5,3.62
0739-UUAJR,0.067,53.8,43.49,3.62
2773-MADBQ,0.068,53.1,43.41,3.62
9498-FIMXL,0.189,19.2,43.43,3.62
5996-EBTKM,0.052,69.9,43.26,3.61
0707-HOVVN,0.048,75.5,43.29,3.61
7407-SUJIZ,0.175,20.6,43.19,3.6
6551-ZCOTS,0.144,24.9,43.03,3.59
1568-BEKZM,0.04,90.05,43.03,3.59
5727-MYATE,0.039,90.8,43.03,3.59
4718-WXBGI,0.039,91.95,43.1,3.59
4723-BEGSG,0.041,86.65,42.91,3.58
7975-JMZNT,0.039,91.7,42.92,3.58
1623-NLDOT,0.106,33.55,42.78,3.57
5857-XRECV,0.173,20.5,42.63,3.55
6685-GBWJZ,0.05,70.8,42.65,3.55
6203-HBZPA,0.056,63.9,42.59,3.55
9565-FLVCG,0.051,69.55,42.59,3.55
6867-ACCZI,0.067,52.5,42.42,3.54
5170-PTRKA,0.099,35.8,42.45,3.54
7103-ZGVNT,0.048,73.7,42.54,3.54
5248-KWLAR,0.039,90.35,42.4,3.53
0756-MPZRL,0.105,33.7,42.36,3.53
3938-YFPXD,0.042,84.3,42.2,3.52
8626-PTQGE,0.059,60.05,42.26,3.52
9313-QOLTZ,0.169,20.9,42.27,3.52
6506-EYCNH,0.18,19.55,42.27,3.52
0942-KOWSM,0.043,80.8,42.07,3.51
1265-ZFOSD,0.043,81.3,41.87,3.49
4318-RAJVY,0.176,19.8,41.89,3.49
3796-ENZGF,0.052,67.25,41.85,3.49
4565-EVZMJ,0.059,58.9,41.74,3.48
3508-VLHCZ,0.038,90.55,41.72,3.48
8332-OSJDW,0.131,26.4,41.55,3.46
9888-ZCUMM,0.058,60.05,41.54,3.46
6885-PKOAM,0.04,85.75,41.42,3.45
4254-QPEDE,0.052,66.25,41.25,3.44
4815-TUMEQ,0.178,19.3,41.32,3.44
9670-BPNXF,0.055,62.55,41.24,3.44
4568-KNYWR,0.054,63.25,41.03,3.42
5485-ITNPC,0.04,85.9,40.93,3.41
1431-AIDJQ,0.041,82.1,40.87,3.41
8208-EUMTE,0.062,54.85,40.86,3.41
9135-MGVPY,0.04,84.7,40.78,3.4
8752-IMQOS,0.169,20.1,40.78,3.4
6339-RZCBJ,0.043,78.9,40.82,3.4
2171-UDMFD,0.174,19.45,40.66,3.39
4079-WWQQQ,0.052,65.55,40.69,3.39
1534-OULXE,0.068,49.7,40.66,3.39
8184-WMOFI,0.047,71.4,40.66,3.39
7779-ORAEL,0.045,75.15,40.54,3.38
6741-QRLUP,0.042,80.3,40.52,3.38
2484-DGXPZ,0.173,19.55,40.52,3.38
6152-ONASV,0.058,58.25,40.57,3.38
9028-LIHRP,0.034,100.2,40.4,3.37
3387-PLKUI,0.179,18.8,40.41,3.37
2550-AEVRU,0.063,53.45,40.48,3.37
3190-FZATL,0.168,19.95,40.3,3.36
4967-WPNCF,0.053,63.7,40.26,3.36
0536-BGFMZ,0.164,20.5,40.3,3.36
8413-YNHNV,0.037,90.65,40.25,3.35
9968-FFVVH,0.049,68.8,40.14,3.35
4006-HKYHO,0.039,86.7,40.21,3.35
3551-GAEGL,0.11,30.4,40.24,3.35
9541-ZPSEA,0.042,80.35,40.02,3.34
1177-XZBJL,0.052,64.15,40.07,3.34
8414-OOEEL,0.042,79.5,40.01,3.33
8169-SAEJD,0.059,56.55,40.0,3.33
6023-GSSXW,0.054,61.45,39.82,3.32
1904-WAJAA,0.052,64.35,39.88,3.32
6064-PUPMC,0.058,57.2,39.86,3.32
8197-BFWVU,0.036,93.25,39.87,3.32
0378-XSZPU,0.055,60.3,39.67,3.31
6371-NZYEG,0.052,64.25,39.71,3.31
2225-ZRGSG,0.035,93.9,39.7,3.31
6461-SZMCV,0.038,87.95,39.75,3.31
8387-UGUSU,0.165,20.05,39.67,3.31
9467-ROOLM,0.174,19.05,39.73,3.31
9803-FTJCG,0.05,66.85,39.76,3.31
3219-JQRSL,0.037,89.1,39.64,3.3
7398-HPYZQ,0.036,90.55,39.56,3.3
3230-IUALN,0.041,81.0,39.59,3.3
2580-ASVVY,0.073,45.4,39.53,3.29
8908-NMQTX,0.05,65.6,39.49,3.29
5384-ZTTWP,0.166,19.8,39.4,3.28
2194-IIQOF,0.037,89.3,39.22,3.27
5879-HMFFH,0.037,88.05,39.26,3.27
4957-TIALW,0.05,65.6,39.08,3.26
2137-DQMEV,0.073,44.8,39.18,3.26
8050-DVOJX,0.04,81.35,39.09,3.26
9229-RQABD,0.137,23.75,39.17,3.26
2211-RMNHO,0.038,85.3,39.03,3.25
9140-CZQZZ,0.041,79.6,39.04,3.25
0895-LNKRC,0.167,19.45,38.96,3.25
7401-JIXNM,0.035,91.3,38.83,3.24
3967-KXAPS,0.035,92.3,38.93,3.24
7649-SIJJF,0.04,80.1,38.71,3.23
0744-BIKKF,0.037,86.65,38.71,3.23
1498-DQNRX,0.163,19.85,38.78,3.23
9110-HSGTV,0.039,82.45,38.71,3.23
1088-AUUZZ,0.042,75.85,38.55,3.21
5961-VUSRV,0.166,19.35,38.53,3.21
5676-CFLYY,0.044,73.35,38.46,3.2
7873-CVMAW,0.036,88.55,38.29,3.19
2176-LVPNX,0.035,89.85,38.25,3.19
5777-ZPQNC,0.159,20.15,38.33,3.19
5680-LQOGP,0.039,82.45,38.22,3.19
6916-HIJSE,0.038,84.85,38.34,3.19
9477-LGWQI,0.04,80.15,38.27,3.19
2703-AMTUL,0.06,53.65,38.32,3.19
1038-RQOST,0.154,20.6,38.16,3.18
8999-YPYBV,0.038,84.35,38.22,3.18
8510-TMWYB,0.053,59.8,38.17,3.18
2096-XOTMO,0.164,19.35,37.99,3.17
5546-BYZSM,0.155,20.45,37.99,3.17
5498-IBWPI,0.064,49.4,37.74,3.15
0214-JHPFW,0.055,57.8,37.84,3.15
0979-MOZQI,0.081,39.0,37.84,3.15
7054-DMVAS,0.048,65.3,37.75,3.15
4701-LKOZD,0.035,89.75,37.8,3.15
3740-RLMVT,0.052,60.95,37.73,3.14
2234-EOFPT,0.04,79.35,37.64,3.14
8374-UULRV,0.037,86.05,37.71,3.14
7762-ONLJY,0.159,19.7,37.58,3.13
2516-XSJKX,0.04,78.45,37.58,3.13
3174-AKMAS,0.049,64.2,37.41,3.12
1929-ZCBHE,0.077,40.3,37.29,3.11
7010-ZMVBF,0.152,20.45,37.27,3.11
8328-SKJNO,0.077,40.65,37.32,3.11
7164-BPTUT,0.035,89.55,37.29,3.11
9435-JMLSX,0.036,86.1,37.21,3.1
5930-GBIWP,0.038,81.5,37.22,3.1
1577-HKTFG,0.158,19.65,37.16,3.1
5546-QUERU,0.156,19.95,37.24,3.1
8595-SIZNC,0.121,25.6,37.19,3.1
4849-PYRLQ,0.042,73.25,37.03,3.09
5816-JMLGY,0.038,80.4,37.09,3.09
0114-IGABW,0.053,58.25,37.0,3.08
2845-KDHVX,0.045,68.3,36.92,3.08
4973-MGTON,0.036,84.4,36.92,3.08
7153-CHRBV,0.052,59.3,36.85,3.07
4291-TPNFG,0.037,82.3,36.83,3.07
2351-BKRZW,0.041,75.2,36.78,3.07
4782-OSFXZ,0.037,82.7,36.71,3.06
0123-CRBRT,0.035,88.1,36.69,3.06
7492-TAFJD,0.079,38.55,36.77,3.06
0661-KQHNK,0.16,19.0,36.59,3.05
1821-BUCWY,0.055,55.65,36.64,3.05
3779-OSWCF,0.033,93.2,36.56,3.05
9142-XMYJH,0.156,19.35,36.31,3.03
6131-IUNXN,0.149,20.2,36.21,3.02
0458-HEUZG,0.085,35.4,36.25,3.02
2990-IAJSV,0.033,92.0,36.28,3.02
4671-VJLCL,0.038,79.85,36.22,3.02
3638-WEABW,0.05,59.9,36.16,3.01
5468-BPMMO,0.154,19.6,36.12,3.01
4032-RMHCI,0.085,35.4,35.98,3.0
1172-VIYBP,0.043,69.7,36.04,3.0
3084-DOWLE,0.032,92.0,35.85,2.99
9068-VPWQQ,0.04,75.35,35.88,2.99
2667-WYLWJ,0.151,19.75,35.8,2.98
8672-OAUPW,0.062,47.85,35.61,2.97
6765-MBQNU,0.114,26.0,35.63,2.97
4549-ZDQYY,0.051,57.95,35.62,2.97
0519-DRGTI,0.146,20.35,35.61,2.97
3372-CDXFJ,0.121,24.5,35.47,2.96
6147-CBCRA,0.148,20.05,35.51,2.96
5458-CQJTA,0.04,74.8,35.49,2.96
4342-HFXWS,0.042,69.7,35.38,2.95
8232-CTLKO,0.049,59.75,35.37,2.95
2164-SOQXL,0.147,20.05,35.25,2.94
0203-HHYIJ,0.116,25.3,35.29,2.94
8295-KMENE,0.038,76.45,35.14,2.93
0023-UYUPN,0.116,25.2,35.17,2.93
9348-ROUAI,0.032,90.3,35.21,2.93
6681-ZSEXG,0.049,59.5,35.11,2.93
3745-HRPHI,0.053,54.65,34.99,2.92
6878-GGDWG,0.151,19.4,35.04,2.92
6693-DJWTY,0.052,55.6,34.75,2.9
8292-FRFZQ,0.07,41.15,34.79,2.9
2885-HIJDH,0.033,86.9,34.81,2.9
3057-VJJQE,0.052,55.25,34.57,2.88
7795-CFOCW,0.068,42.3,34.56,2.88
1414-YADCW,0.034,84.6,34.42,2.87
2996-XAUVF,0.071,40.05,34.15,2.85
4378-BZYFP,0.139,20.5,34.25,2.85
3374-PZLXD,0.144,19.7,34.13,2.84
2192-OZITF,0.039,73.55,34.05,2.84
1972-XMUWV,0.047,59.8,34.03,2.84
1226-JZNKR,0.144,19.8,34.14,2.84
8075-GXIUB,0.143,19.85,34.0,2.83
6827-IEAUQ,0.043,66.15,33.84,2.82
9313-CDOGY,0.144,19.6,33.82,2.82
2824-DXNKN,0.039,71.45,33.86,2.82
9758-MFWGD,0.094,29.9,33.8,2.82
8316-BBQAY,0.047,59.95,33.69,2.81
0956-SYCWG,0.143,19.65,33.73,2.81
1222-KJNZD,0.138,20.4,33.71,2.81
3043-SUDUA,0.141,19.9,33.64,2.8
6510-UPNKS,0.113,24.8,33.56,2.8
8204-YJCLA,0.043,64.8,33.59,2.8
0277-ORXQS,0.055,50.55,33.63,2.8
9102-OXKFY,0.052,54.15,33.64,2.8
9891-NQDBD,0.109,25.55,33.56,2.8
2387-KDZQY,0.14,20.1,33.65,2.8
2581-VKIRT,0.043,65.5,33.45,2.79
9046-DQMTP,0.134,20.75,33.47,2.79
1022-RKXDR,0.112,24.85,33.31,2.78
3530-VWVGU,0.139,19.9,33.31,2.78
5313-FPXWG,0.113,24.6,33.4,2.78
5372-FBKBN,0.134,20.75,33.36,2.78
5199-FPUSP,0.082,34.05,33.4,2.78
0967-BMLBD,0.138,20.0,33.24,2.77
0221-NAUXK,0.139,19.95,33.27,2.77
9860-LISIZ,0.136,20.35,33.19,2.77
1760-CAZHT,0.133,20.8,33.27,2.77
2550-QHZGP,0.141,19.5,33.07,2.76
8039-EQPIM,0.046,60.25,33.11,2.76
9489-DEDVP,0.04,69.2,33.15,2.76
4018-KJYUY,0.137,20.15,33.02,2.75
5917-HBSDW,0.142,19.35,33.0,2.75
9055-MOJJJ,0.042,65.8,32.98,2.75
8573-JGCZW,0.139,19.65,32.86,2.74
9885-MFVSU,0.059,46.35,32.92,2.74
2085-JVGAD,0.135,20.35,32.92,2.74
8345-MVDYC,0.033,81.65,32.81,2.73
6418-PIQSP,0.034,81.0,32.72,2.73
9242-TKFSV,0.042,65.1,32.59,2.72
6953-PBDIN,0.037,72.95,32.64,2.72
5275-PMFUT,0.042,64.8,32.62,2.72
7353-YOWFP,0.133,20.25,32.28,2.69
1431-CYWMH,0.141,19.05,32.15,2.68
1131-ALZWV,0.109,24.6,32.17,2.68
2673-ZALNP,0.135,19.9,32.18,2.68
1839-UMACK,0.107,25.05,32.12,2.68
4707-YNOQA,0.104,25.6,32.02,2.67
6516-NKQBO,0.033,81.0,32.04,2.67
5397-NSKQG,0.052,50.9,32.06,2.67
3161-ONRWK,0.04,65.85,31.87,2.66
8690-ZVLCL,0.03,88.0,31.96,2.66
0617-AQNWT,0.056,47.85,31.91,2.66
6762-QVYJO,0.045,59.75,31.92,2.66
2649-HWLYB,0.035,76.15,31.81,2.65
0839-JTCUD,0.029,89.9,31.74,2.65
6746-WAUWT,0.134,19.7,31.65,2.64
3556-BVQGL,0.132,20.0,31.67,2.64
9073-ZZIAY,0.031,86.1,31.62,2.64
0420-TXVSG,0.04,66.1,31.68,2.64
5360-XGYAZ,0.04,65.65,31.54,2.63
5130-YPIRV,0.037,72.0,31.62,2.63
9443-JUBUO,0.04,65.25,31.44,2.62
2061-VVFST,0.134,19.5,31.39,2.62
0363-SVHYR,0.03,86.85,31.42,2.62
3146-JTQHR,0.133,19.6,31.36,2.61
0301-FIDRB,0.041,63.8,31.16,2.6
1964-SVLEA,0.132,19.7,31.25,2.6
3227-WLKLI,0.028,91.55,31.16,2.6
9066-QRSDU,0.099,26.3,31.22,2.6
7781-HVGMK,0.04,65.2,31.19,2.6
4615-PIVVU,0.039,66.5,31.17,2.6
6870-ZWMNX,0.034,76.1,31.11,2.59
1952-DVVSW,0.129,20.1,31.08,2.59
4500-HKANN,0.043,59.7,31.07,2.59
0357-NVCRI,0.129,20.05,31.14,2.59
3262-EIDHV,0.031,84.7,31.1,2.59
9581-GVBXT,0.074,34.8,30.95,2.58
7665-VIGUD,0.127,20.35,31.0,2.58
1930-BZLHI,0.126,20.35,30.87,2.57
3452-FLHYD,0.123,20.95,30.85,2.57
5186-PEIZU,0.133,19.25,30.7,2.56
9046-JBFWA,0.134,19.15,30.73,2.56
3557-HTYWR,0.035,74.05,30.7,2.56
2925-VDZHY,0.029,88.7,30.57,2.55
8076-FEZKJ,0.131,19.5,30.6,2.55
5494-WOZRZ,0.031,82.0,30.66,2.55
4674-HGNUA,0.028,89.9,30.51,2.54
2661-GKBTK,0.033,76.95,30.47,2.54
3487-EARAT,0.034,74.1,30.33,2.53
0513-RBGPE,0.04,62.8,30.35,2.53
8559-WNQZS,0.123,20.45,30.29,2.52
3283-WCWXT,0.099,25.4,30.18,2.52
4999-IEZLT,0.086,29.45,30.3,2.52
5329-KRDTM,0.033,77.35,30.29,2.52
4676-WLUHT,0.055,46.2,30.22,2.52
4163-NCJAK,0.103,24.45,30.12,2.51
1775-KWJKQ,0.028,89.85,30.05,2.5
1027-LKKQQ,0.031,80.45,29.93,2.49
7649-PHJVR,0.127,19.5,29.75,2.48
5788-YPOEG,0.029,84.75,29.73,2.48
7524-VRLPL,0.033,74.1,29.77,2.48
1680-VDCWW,0.125,19.8,29.81,2.48
2682-KEVRP,0.123,20.05,29.68,2.47
3547-LQRIK,0.092,26.9,29.65,2.47
0730-BGQGF,0.027,90.3,29.62,2.47
0230-UBYPQ,0.068,36.1,29.58,2.47
5792-JALQC,0.041,59.85,29.65,2.47
9796-MVYXX,0.062,39.7,29.69,2.47
7131-ZQZNK,0.041,59.85,29.59,2.47
4425-OWHWB,0.127,19.35,29.48,2.46
4835-YSJMR,0.049,49.8,29.52,2.46
8181-YHCMF,0.041,60.3,29.53,2.46
5583-EJXRD,0.045,54.05,29.5,2.46
0361-HJRDX,0.038,64.35,29.39,2.45
4203-QGNZA,0.121,20.25,29.38,2.45
0056-EPFBG,0.062,39.4,29.32,2.44
0238-WHBIQ,0.027,89.7,29.32,2.44
0254-WWRKD,0.048,50.55,29.18,2.43
9621-OUPYD,0.12,20.2,29.2,2.43
8205-VSLRB,0.031,77.3,29.15,2.43
1221-GHZEP,0.037,65.1,29.04,2.42
0412-UCCNP,0.041,59.2,29.08,2.42
5993-BQHEA,0.121,20.05,29.08,2.42
9534-NSXEM,0.117,20.65,29.09,2.42
3908-MKIMJ,0.057,41.95,28.75,2.4
8084-OIVBS,0.12,20.0,28.79,2.4
9489-JMTTN,0.027,89.75,28.86,2.4
5125-CNDSP,0.059,40.6,28.73,2.39
6810-VCAEX,0.06,39.65,28.66,2.39
2535-PBCGC,0.037,64.55,28.68,2.39
4381-MHQDC,0.037,65.0,28.73,2.39
1552-TKMXS,0.117,20.35,28.5,2.38
9442-JTWDL,0.119,20.05,28.58,2.38
4597-ELFTS,0.096,24.9,28.61,2.38
0428-AXXLJ,0.122,19.5,28.6,2.38
7408-OFWXJ,0.026,89.8,28.52,2.38
5995-WWKKG,0.12,19.8,28.53,2.38
3813-DHBBB,0.047,50.95,28.49,2.37
8958-JPTRR,0.097,24.3,28.4,2.37
8050-XGRVL,0.043,54.75,28.48,2.37
5696-JVVQY,0.034,70.1,28.41,2.37
2378-YIZKA,0.028,85.0,28.42,2.37
3569-JFODW,0.026,90.95,28.31,2.36
5117-ZSMHQ,0.026,89.9,28.35,2.36
4188-PCPIG,0.033,70.35,28.19,2.35
5840-NVDCG,0.034,68.25,28.14,2.35
5377-NDTOU,0.026,91.05,28.17,2.35
4451-RWASJ,0.12,19.5,28.17,2.35
8221-HVAYI,0.034,69.15,28.09,2.34
9617-UDPEU,0.122,19.25,28.11,2.34
5751-USDBL,0.029,81.0,28.05,2.34
0269-XFESX,0.096,24.35,28.02,2.33
4803-LBYPN,0.112,20.8,28.01,2.33
6115-ZTBFQ,0.036,65.5,28.0,2.33
3566-CAAYU,0.047,49.85,28.01,2.33
3506-OVLKD,0.089,26.2,27.91,2.33
1429-UYJSV,0.118,19.7,27.95,2.33
4312-GVYNH,0.047,49.85,27.82,2.32
3423-HHXAO,0.119,19.5,27.86,2.32
4825-XJGDM,0.053,43.7,27.8,2.32
8580-QVLOC,0.025,92.45,27.78,2.32
1897-RCFUM,0.096,24.2,27.84,2.32
2999-AANRQ,0.033,71.05,27.76,2.31
0042-JVWOJ,0.118,19.6,27.77,2.31
5602-BVFMK,0.119,19.3,27.61,2.3
5126-RCXYW,0.05,46.0,27.61,2.3
3178-CIFOT,0.117,19.65,27.5,2.29
5148-ORICT,0.031,74.35,27.53,2.29
3750-YHRYO,0.111,20.65,27.39,2.28
4994-OBRSZ,0.03,76.1,27.35,2.28
3082-WQRVY,0.116,19.65,27.3,2.27
7101-HRBLJ,0.027,83.7,27.22,2.27
0244-LGNFY,0.024,92.65,27.19,2.27
0567-XRHCU,0.051,43.95,27.15,2.26
3500-NSDOA,0.032,70.8,27.09,2.26
8146-QQKZH,0.028,81.85,27.01,2.25
7639-OPLNG,0.028,79.25,27.06,2.25
6016-LVTJQ,0.109,20.65,27.01,2.25
2606-PKWJB,0.056,40.25,27.0,2.25
6546-OPBBH,0.094,23.95,27.04,2.25
0230-WEQUW,0.04,56.6,26.84,2.24
2725-IWWBA,0.039,56.9,26.84,2.24
1084-MNSMJ,0.026,85.5,26.88,2.24
7197-VOJMM,0.032,69.2,26.72,2.23
9488-FVZCC,0.028,79.5,26.71,2.23
0784-GTUUK,0.094,23.75,26.66,2.22
2829-HYVZP,0.112,19.8,26.6,2.22
0379-DJQHR,0.027,81.35,26.67,2.22
7560-QJAVJ,0.028,79.6,26.48,2.21
9867-XOBQA,0.042,53.15,26.53,2.21
6169-PGNCD,0.03,74.3,26.5,2.21
7633-MVPUY,0.037,59.75,26.46,2.21
8722-PRFDV,0.028,77.55,26.35,2.2
3704-IEAXF,0.041,53.65,26.24,2.19
4915-BFSXL,0.032,68.95,26.2,2.18
2351-RRBUE,0.106,20.65,26.2,2.18
8597-CTXVJ,0.033,64.95,26.0,2.17
4039-PIMHX,0.044,49.8,26.07,2.17
2251-PYLPB,0.027,79.55,25.88,2.16
7898-PDWQE,0.027,80.4,25.93,2.16
5736-YEJAX,0.027,79.45,25.88,2.16
7677-SJJJK,0.108,19.9,25.86,2.15
9065-ZCPQX,0.027,78.85,25.77,2.15
2788-CJQAQ,0.11,19.45,25.75,2.15
5766-FTRTS,0.025,84.45,25.63,2.14
9610-WCESF,0.048,43.9,25.52,2.13
8336-TAVKX,0.027,78.45,25.57,2.13
2592-HODOV,0.109,19.3,25.35,2.11
1015-JPFYW,0.109,19.45,25.36,2.11
6508-NJYRO,0.112,18.8,25.28,2.11
3239-TPHPZ,0.105,20.05,25.25,2.1
3724-BSCVH,0.102,20.45,25.15,2.1
3902-MIVLE,0.028,75.7,25.22,2.1
1345-ZUKID,0.108,19.35,25.14,2.09
5039-LZRQT,0.103,20.2,25.07,2.09
7817-OMJNA,0.102,20.4,24.97,2.08
3067-SVMTC,0.037,55.9,24.95,2.08
8612-GXIDD,0.082,25.4,24.95,2.08
3705-PSNGL,0.102,20.4,24.94,2.08
9823-EALYC,0.025,80.85,24.67,2.06
7025-WCBNE,0.035,59.6,24.73,2.06
2030-BTZRO,0.101,20.4,24.76,2.06
6603-YRDCJ,0.034,61.05,24.69,2.06
3721-CNZHX,0.104,19.8,24.62,2.05
1459-QNFQT,0.034,59.5,24.6,2.05
0804-YGEQV,0.084,24.45,24.65,2.05
6388-TABGU,0.036,56.15,24.59,2.05
1915-OAKWD,0.106,19.3,24.65,2.05
3378-AJRAO,0.082,24.85,24.44,2.04
3887-PBQAO,0.079,25.9,24.53,2.04
3549-ZTMNH,0.085,24.0,24.46,2.04
7644-OMVMY,0.103,19.85,24.46,2.04
0298-XACET,0.041,50.2,24.5,2.04
4291-YZODP,0.102,20.05,24.51,2.04
9453-PATOS,0.024,85.1,24.49,2.04
4537-CIBHB,0.101,20.25,24.53,2.04
6695-AMZUF,0.023,86.45,24.31,2.03
9483-GCPWE,0.101,20.1,24.33,2.03
5915-ANOEI,0.026,79.15,24.35,2.03
9184-GALIL,0.099,20.45,24.32,2.03
5320-BRKGK,0.027,75.8,24.25,2.02
5451-MHQOF,0.083,24.45,24.28,2.02
7168-HDQHG,0.105,19.2,24.25,2.02
5707-ZMDJP,0.029,69.7,24.18,2.02
8468-FZTOE,0.027,74.35,24.26,2.02
9063-ZGTUY,0.104,19.4,24.18,2.01
7998-WNZEM,0.025,80.6,24.09,2.01
5781-RFZRP,0.027,73.5,24.01,2.0
6504-VBLFL,0.034,58.6,24.02,2.0
0556-FJEGU,0.028,70.1,23.93,1.99
0017-DINOC,0.044,45.2,23.93,1.99
6439-PKTRR,0.025,80.7,23.92,1.99
6625-IUTTT,0.03,65.55,23.86,1.99
6814-ZPWFQ,0.08,25.0,23.94,1.99
3950-VPYJB,0.033,59.6,23.72,1.98
7722-VJRQD,0.033,60.95,23.82,1.98
1333-PBMXB,0.08,24.75,23.81,1.98
0602-DDUML,0.028,69.75,23.81,1.98
7359-SSBJK,0.028,70.2,23.71,1.98
4933-IKULF,0.095,20.65,23.6,1.97
4584-LBNMK,0.08,24.7,23.69,1.97
1506-YJTYT,0.027,73.85,23.59,1.97
3115-CZMZD,0.097,20.25,23.56,1.96
2520-SGTTA,0.098,20.0,23.54,1.96
5512-IDZEI,0.079,24.9,23.57,1.96
6754-WKSHP,0.077,25.35,23.51,1.96
4632-XJMEX,0.031,62.85,23.42,1.95
0829-DDVLK,0.097,20.1,23.45,1.95
9847-HNVGP,0.098,19.95,23.36,1.95
2907-ILJBN,0.095,20.6,23.43,1.95
2580-ATZSQ,0.032,61.35,23.34,1.94
9766-HGEDE,0.1,19.35,23.23,1.94
9361-YNQWJ,0.079,24.4,23.25,1.94
2160-GPFXD,0.029,65.65,23.22,1.93
4092-OFQZS,0.094,20.65,23.18,1.93
1099-GODLO,0.095,20.35,23.22,1.93
3891-NLXJB,0.048,40.55,23.12,1.93
1401-FTHFQ,0.096,20.0,23.1,1.93
3243-ZHOHY,0.096,20.1,23.04,1.92
8499-BRXTD,0.095,20.1,23.03,1.92
2451-YMUXS,0.03,64.55,22.93,1.91
6064-ZATLR,0.036,52.85,22.88,1.91
6527-PZFPV,0.092,20.8,22.87,1.91
8969-PRHFK,0.097,19.65,22.84,1.9
7554-NEWDD,0.073,25.7,22.63,1.89
6100-FJZDG,0.094,20.05,22.56,1.88
5505-OVWQW,0.093,20.15,22.57,1.88
5795-BKOYE,0.032,59.1,22.62,1.88
4616-EWBNJ,0.094,20.1,22.58,1.88
0307-BCOPK,0.099,19.05,22.61,1.88
1763-KUAAW,0.092,20.35,22.4,1.87
4311-QTTAI,0.097,19.35,22.43,1.87
1069-QJOEE,0.094,19.9,22.43,1.87
9236-NDUCW,0.053,35.1,22.43,1.87
6016-NXBNJ,0.098,19.15,22.45,1.87
3982-JGSFD,0.091,20.35,22.27,1.86
4359-INNWN,0.092,20.05,22.23,1.85
6384-VMJHP,0.025,73.0,22.23,1.85
7319-ZNRTR,0.094,19.6,22.05,1.84
3533-UVMOM,0.026,70.95,22.02,1.84
1133-KXCGE,0.091,20.1,22.06,1.84
0440-EKDCF,0.031,60.15,22.1,1.84
3050-RLLXC,0.023,81.25,22.13,1.84
1209-VFFOC,0.033,56.4,22.02,1.84
7609-NRNCA,0.094,19.55,22.11,1.84
2296-DKZFP,0.026,71.0,21.96,1.83
8277-RVRSV,0.076,24.15,21.97,1.83
7813-TKCVO,0.09,20.35,22.01,1.83
7279-NMVJC,0.092,19.9,21.87,1.82
1038-ZAGBI,0.092,19.8,21.87,1.82
2969-VAPYH,0.03,60.5,21.82,1.82
4121-AGSIN,0.074,24.5,21.9,1.82
8763-KIAFH,0.089,20.55,21.89,1.82
3251-YMVWZ,0.075,24.05,21.69,1.81
8746-BFOAJ,0.088,20.5,21.72,1.81
5803-NQJZO,0.027,67.8,21.58,1.8
7369-TRPFD,0.095,18.8,21.47,1.79
6188-UXBBR,0.088,20.25,21.48,1.79
1335-MXCSE,0.032,55.25,21.31,1.78
7446-SFAOA,0.09,19.85,21.41,1.78
7321-ZNSLA,0.044,40.55,21.41,1.78
1178-PZGAB,0.087,20.25,21.21,1.77
2235-EZAIK,0.022,79.2,21.25,1.77
6614-YOLAC,0.03,58.65,21.11,1.76
9481-WHGWY,0.023,75.35,21.17,1.76
7996-BPXHY,0.07,25.0,21.01,1.75
2498-XLDZR,0.024,73.6,20.98,1.75
5847-MXBEO,0.086,20.3,20.84,1.74
4323-ELYYB,0.086,20.0,20.73,1.73
5474-LAMUQ,0.086,20.1,20.79,1.73
2320-TZRRH,0.088,19.5,20.59,1.72
3125-RAHBV,0.084,20.3,20.58,1.72
9347-AERRL,0.089,19.3,20.69,1.72
5656-MJEFC,0.036,48.15,20.64,1.72
9531-NSBMR,0.089,19.25,20.58,1.71
6463-MVYRY,0.024,69.85,20.51,1.71
8022-BECSI,0.087,19.6,20.43,1.7
7196-LIWRH,0.086,19.55,20.28,1.69
1682-VCOIO,0.083,20.45,20.33,1.69
9845-QOMAD,0.085,19.75,20.25,1.69
4139-DETXS,0.026,64.45,20.26,1.69
8990-YOZLV,0.025,66.9,20.29,1.69
1051-EQPZR,0.086,19.6,20.28,1.69
7771-CFQRQ,0.026,63.8,20.12,1.68
1699-UOTXU,0.027,61.4,20.14,1.68
7527-QNRUS,0.067,25.15,20.21,1.68
6479-OAUSD,0.084,19.9,20.11,1.68
6348-SNFUS,0.03,55.45,20.19,1.68
0774-RMNUW,0.028,59.7,20.2,1.68
0731-EBJQB,0.082,20.4,20.09,1.67
3523-BRGUW,0.087,19.3,20.06,1.67
5846-NEQVZ,0.024,70.85,20.0,1.67
9150-KPBJQ,0.085,19.65,20.07,1.67
1676-MQAOA,0.022,75.1,20.02,1.67
0769-MURVM,0.025,65.7,19.94,1.66
8631-NBHFZ,0.021,79.4,19.92,1.66
4102-HLENU,0.025,65.65,19.81,1.65
2812-REYAT,0.082,20.05,19.81,1.65
4530-NDRKU,0.087,19.05,19.79,1.65
3778-FOAQW,0.082,20.15,19.74,1.65
3889-VWBID,0.02,82.85,19.71,1.64
0973-KYVNF,0.023,70.65,19.7,1.64
5115-GZDEL,0.024,67.2,19.74,1.64
3594-BDSOA,0.08,20.4,19.67,1.64
9871-ELEYA,0.024,67.65,19.63,1.64
1272-ILHFG,0.083,19.65,19.69,1.64
5176-OLSKT,0.024,66.9,19.58,1.63
9560-BBZXK,0.052,31.05,19.52,1.63
7137-NAXML,0.081,20.15,19.58,1.63
9746-UGFAC,0.078,20.85,19.62,1.63
3985-HOYPM,0.084,19.4,19.62,1.63
5214-CHIWJ,0.08,20.3,19.57,1.63
1439-LCGVL,0.085,19.2,19.52,1.63
9281-CEDRU,0.025,64.1,19.44,1.62
4795-UXVCJ,0.082,19.8,19.4,1.62
5457-COLHT,0.02,80.65,19.46,1.62
6061-PQHMK,0.081,19.9,19.28,1.61
4709-LKHYG,0.08,20.0,19.32,1.61
1552-CZCLL,0.081,20.0,19.37,1.61
3131-NWVFJ,0.082,19.55,19.26,1.61
9447-YPTBX,0.081,19.85,19.24,1.6
7471-WNSUF,0.066,24.15,19.24,1.6
6701-DHKWQ,0.031,51.35,19.04,1.59
2332-TODQS,0.063,25.05,19.07,1.59
0422-OHQHQ,0.077,20.55,19.09,1.59
8717-VCTXJ,0.081,19.55,19.1,1.59
0848-SOMKO,0.033,48.4,19.05,1.59
3727-OVPRY,0.061,25.7,18.94,1.58
2150-OEGBV,0.079,20.1,18.98,1.58
6223-DHJGV,0.076,20.65,18.92,1.58
5003-OKNNK,0.077,20.35,18.88,1.57
7244-KXYZN,0.077,20.45,18.79,1.57
2324-AALNO,0.064,24.55,18.83,1.57
7305-ZWMAJ,0.076,20.7,18.84,1.57
8510-BBWMU,0.079,19.75,18.8,1.57
6997-UVGOX,0.018,85.45,18.74,1.56
7452-FOLON,0.061,25.45,18.74,1.56
4893-GYUJU,0.081,19.35,18.72,1.56
1371-OJCEK,0.064,24.35,18.64,1.55
2650-GYRYL,0.079,19.45,18.55,1.55
9648-BCHKM,0.063,24.65,18.59,1.55
5196-WPYOW,0.026,60.05,18.62,1.55
9114-DPSIA,0.019,81.0,18.55,1.55
0219-QAERP,0.078,19.8,18.51,1.54
6288-CHQJB,0.022,69.95,18.48,1.54
7284-ZZLOH,0.029,53.3,18.45,1.54
7018-FPXHH,0.026,59.8,18.49,1.54
5519-TEEUH,0.076,20.15,18.46,1.54
2706-QZIHY,0.061,25.2,18.43,1.54
9867-JCZSP,0.074,20.75,18.34,1.53
8884-MRNSU,0.076,19.9,18.24,1.52
0754-EEBDC,0.077,19.9,18.28,1.52
3933-DQPWX,0.038,39.7,18.27,1.52
1998-VHJHK,0.079,19.15,18.1,1.51
6365-HITVU,0.017,87.25,18.07,1.51
1407-DIGZV,0.078,19.1,17.97,1.5
6368-TZZDT,0.077,19.5,17.95,1.5
1354-YZFNB,0.076,19.55,17.91,1.49
8873-TMKGR,0.078,19.1,17.93,1.49
6823-SIDFQ,0.082,18.25,17.89,1.49
3470-OBUET,0.02,74.0,17.89,1.49
7297-DVYGA,0.075,19.85,17.88,1.49
7026-YMSBE,0.076,19.7,17.85,1.49
2995-YWTCD,0.06,24.9,17.87,1.49
4163-HFTUK,0.078,19.1,17.87,1.49
3935-TBRZZ,0.058,25.7,17.9,1.49
2954-PIBKO,0.023,64.15,17.84,1.49
4685-TFLLS,0.075,19.8,17.72,1.48
1872-EBWSC,0.073,20.35,17.76,1.48
5312-TSZVC,0.075,19.65,17.76,1.48
0859-YGKFW,0.074,20.05,17.81,1.48
8748-HFWBO,0.074,19.9,17.69,1.47
6479-VDGRK,0.017,85.3,17.62,1.47
8338-QIUNR,0.022,66.5,17.59,1.47
4716-MRVEN,0.073,20.0,17.61,1.47
1776-SPBWV,0.073,20.1,17.64,1.47
0988-AADSA,0.018,80.85,17.69,1.47
1561-BWHIN,0.074,19.8,17.63,1.47
5993-JSUWV,0.024,61.15,17.5,1.46
0788-DXBFY,0.075,19.55,17.52,1.46
4012-YCFAI,0.024,61.35,17.39,1.45
9108-EQPNQ,0.056,26.1,17.39,1.45
5917-RYRMG,0.073,19.8,17.29,1.44
2878-DHMIN,0.072,19.9,17.28,1.44
2335-GSODA,0.036,40.1,17.34,1.44
5181-OABFK,0.023,61.3,17.2,1.43
2882-WDTBA,0.019,75.75,17.07,1.42
8007-YYPWD,0.057,25.05,17.01,1.42
8512-WIWYV,0.07,20.35,17.04,1.42
1734-ZMNTZ,0.057,25.0,17.04,1.42
3486-HOOGQ,0.018,79.7,17.1,1.42
6447-EGDIV,0.068,20.95,17.09,1.42
5871-DGTXZ,0.071,19.8,16.87,1.41
3717-FDJFU,0.069,20.45,16.91,1.41
5208-FVQKB,0.021,67.95,16.91,1.41
8046-DNVTL,0.036,38.6,16.81,1.4
5914-GXMDA,0.073,19.3,16.79,1.4
3298-QEICA,0.041,34.6,16.82,1.4
8779-YIQQA,0.07,19.8,16.66,1.39
0885-HMGPY,0.02,69.4,16.6,1.38
0562-FGDCR,0.019,74.55,16.56,1.38
6974-DAFLI,0.07,19.7,16.55,1.38
7274-CGTOD,0.032,43.7,16.58,1.38
5614-DNZCE,0.021,64.9,16.56,1.38
7253-UVNDW,0.025,54.35,16.57,1.38
5627-TVBPP,0.068,20.1,16.41,1.37
4632-PAOYU,0.069,19.95,16.4,1.37
2749-CTKAJ,0.068,20.15,16.44,1.37
0516-VRYBW,0.067,20.15,16.29,1.36
2662-NNTDK,0.055,24.8,16.32,1.36
8592-PLTMQ,0.055,24.7,16.3,1.36
2587-YNLES,0.068,20.1,16.29,1.36
7921-BEPCI,0.023,59.75,16.28,1.36
4194-FJARJ,0.023,60.0,16.37,1.36
5197-YPYBZ,0.054,25.25,16.32,1.36
9178-JHUVJ,0.056,24.1,16.28,1.36
1982-FEBTD,0.053,25.6,16.28,1.36
4538-WNTMJ,0.054,24.95,16.17,1.35
6122-EFVKN,0.038,35.75,16.17,1.35
6072-NUQCB,0.067,20.25,16.21,1.35
3512-IZIKN,0.021,65.3,16.21,1.35
9824-QCJPK,0.067,20.0,16.04,1.34
2466-FCCPT,0.068,19.7,16.07,1.34
3071-MVJCD,0.016,82.3,16.14,1.34
5918-VUKWP,0.065,20.55,16.06,1.34
4980-URKXC,0.064,20.85,16.0,1.33
8042-RNLKO,0.052,25.45,15.93,1.33
9717-IOAAF,0.051,25.85,15.91,1.33
5135-RDDQL,0.026,50.65,15.82,1.32
6082-OQFBA,0.067,19.65,15.85,1.32
6723-CEGQI,0.029,45.25,15.81,1.32
4900-MSOMT,0.017,80.2,15.88,1.32
0191-EQUUH,0.037,35.05,15.71,1.31
3712-PKXZA,0.064,20.55,15.71,1.31
3200-MNQTF,0.018,70.9,15.71,1.31
5774-QPLTF,0.064,20.35,15.69,1.31
2277-AXSDC,0.067,19.75,15.77,1.31
7632-YUTXB,0.065,20.05,15.55,1.3
8884-FEEWR,0.063,20.6,15.62,1.3
1834-WULEG,0.064,20.25,15.59,1.3
8966-OIQHG,0.063,20.75,15.57,1.3
8242-PDSGJ,0.033,39.15,15.52,1.29
4750-UKWJK,0.066,19.6,15.5,1.29
6164-HAQTX,0.024,53.95,15.47,1.29
1790-NESIO,0.063,20.4,15.39,1.28
5726-CVNYA,0.064,19.85,15.33,1.28
3948-KXDUF,0.019,68.75,15.31,1.28
1293-HHSHJ,0.061,21.1,15.4,1.28
9993-LHIEB,0.019,67.85,15.4,1.28
6283-GITPX,0.017,76.9,15.32,1.28
9509-MPYOD,0.061,20.75,15.23,1.27
5876-QMYLD,0.063,20.05,15.23,1.27
6518-KZXCB,0.05,25.25,15.21,1.27
3913-FCUUW,0.018,70.45,15.24,1.27
3812-LRZIR,0.051,24.5,15.12,1.26
9801-NOSHQ,0.064,19.8,15.14,1.26
6772-WFQRD,0.062,20.4,15.17,1.26
8194-PEEBY,0.063,19.9,14.97,1.25
5266-PFRQK,0.06,20.85,15.01,1.25
2077-DDHJK,0.018,70.9,14.98,1.25
8039-ACLPL,0.018,68.75,14.92,1.24
4526-EXKKN,0.051,24.6,14.92,1.24
0336-PIKEI,0.017,74.4,14.93,1.24
8780-YRMTT,0.026,47.4,14.84,1.24
8327-WKMIE,0.062,20.15,14.87,1.24
4950-HKQTE,0.047,26.25,14.7,1.23
9674-EHPPG,0.03,40.4,14.75,1.23
6609-MXJHJ,0.049,25.1,14.79,1.23
0343-QLUZP,0.031,39.6,14.73,1.23
9769-TSBZE,0.018,66.0,14.61,1.22
2560-QTSBS,0.052,23.3,14.59,1.22
1599-EAHXY,0.051,23.95,14.62,1.22
6087-YPWHO,0.018,68.15,14.67,1.22
7073-QETQY,0.06,20.35,14.62,1.22
4992-LTJNE,0.022,55.3,14.65,1.22
0902-RFHOF,0.06,20.1,14.52,1.21
3653-NCRDJ,0.063,19.2,14.56,1.21
5849-ASHZJ,0.06,20.05,14.46,1.2
9091-WTUUY,0.017,69.25,14.41,1.2
3486-NPGST,0.061,19.55,14.35,1.2
2176-OSJUV,0.018,65.15,14.39,1.2
2819-GWENI,0.06,19.9,14.27,1.19
5924-SNGKP,0.059,20.25,14.24,1.19
7162-WPHPM,0.017,71.6,14.25,1.19
5067-WJEUN,0.022,54.2,14.34,1.19
0129-QMPDR,0.058,20.5,14.3,1.19
0835-DUUIQ,0.056,21.05,14.15,1.18
6119-SPUDB,0.031,38.25,14.21,1.18
1755-FZQEC,0.059,19.9,14.16,1.18
7860-KSUGX,0.018,64.45,14.11,1.18
8515-OCTJS,0.048,24.75,14.21,1.18
9067-YGSCA,0.045,26.05,14.05,1.17
3546-GHEAE,0.06,19.45,14.08,1.17
8430-TWCBX,0.056,20.7,13.97,1.16
7596-ZYWBB,0.019,59.6,13.9,1.16
0057-QBUQH,0.046,25.1,13.96,1.16
5380-XPJNZ,0.057,20.05,13.78,1.15
7349-ALMUX,0.018,65.6,13.8,1.15
6177-PEVRA,0.021,55.5,13.7,1.14
9499-XPZXM,0.018,64.75,13.63,1.14
5201-CBWYG,0.046,24.8,13.69,1.14
7190-XHTWJ,0.059,19.3,13.71,1.14
7599-NTMDP,0.023,48.7,13.69,1.14
8098-TDCBU,0.045,25.25,13.71,1.14
4962-CHQPW,0.058,19.85,13.73,1.14
7306-YDSOI,0.019,59.75,13.58,1.13
1535-VTJOQ,0.045,25.15,13.51,1.13
5469-NUJUR,0.057,19.95,13.57,1.13
0048-PIHNL,0.055,20.45,13.53,1.13
7665-NKLAV,0.028,40.65,13.58,1.13
7951-QKZPL,0.046,24.5,13.4,1.12
5642-MHDQT,0.057,19.85,13.49,1.12
4872-JCVCA,0.024,47.6,13.49,1.12
9805-FILKB,0.055,20.2,13.41,1.12
9030-QGZNL,0.053,20.85,13.37,1.11
7799-LGRDP,0.043,25.7,13.37,1.11
9602-WCXPI,0.055,20.15,13.29,1.11
6563-VRERX,0.054,20.6,13.33,1.11
9732-OUYRN,0.059,19.0,13.36,1.11
0229-LFJAF,0.016,69.65,13.33,1.11
7061-OVMIM,0.056,19.55,13.17,1.1
7963-SHNDT,0.028,39.1,13.17,1.1
5495-GPSRW,0.056,19.7,13.19,1.1
8388-DMKAE,0.055,20.25,13.25,1.1
6922-NCEDI,0.052,21.2,13.19,1.1
0562-KBDVM,0.024,44.6,13.08,1.09
1814-WFGVS,0.022,48.9,13.08,1.09
3429-IFLEM,0.014,77.35,13.03,1.09
2017-CCBLH,0.055,20.0,13.13,1.09
4837-PZTIC,0.026,41.9,12.99,1.08
1043-YCUTE,0.043,25.15,13.01,1.08
1934-MKPXS,0.054,20.1,12.95,1.08
5622-UEJFI,0.042,25.4,12.91,1.08
7860-UXCRM,0.014,74.5,12.91,1.08
9755-JHNMN,0.016,67.4,12.82,1.07
6096-EGVTU,0.043,24.9,12.84,1.07
8587-XYZSF,0.021,50.55,12.81,1.07
1686-STUHN,0.054,19.8,12.75,1.06
1092-WPIVQ,0.042,25.1,12.69,1.06
5010-IPEAQ,0.02,54.2,12.75,1.06
6980-CDGFC,0.051,20.85,12.68,1.06
6698-OXETB,0.052,20.4,12.73,1.06
5095-ETBRJ,0.019,56.8,12.74,1.06
3280-NMUVX,0.053,19.6,12.55,1.05
9668-PUGNU,0.043,24.5,12.65,1.05
3458-IDMFK,0.05,20.75,12.53,1.04
6374-AFWOX,0.016,65.65,12.48,1.04
4521-WFJAI,0.04,25.95,12.42,1.04
1403-LKLIK,0.052,20.1,12.46,1.04
2589-AYCRP,0.053,19.75,12.45,1.04
3129-AAQOU,0.041,25.6,12.45,1.04
7328-OWMOM,0.051,20.1,12.38,1.03
6532-YLWSI,0.049,20.8,12.31,1.03
6729-FZWSY,0.053,19.45,12.38,1.03
0019-GFNTW,0.023,45.05,12.36,1.03
8908-SLFCJ,0.049,20.85,12.37,1.03
2314-TNDJQ,0.019,55.65,12.36,1.03
1093-YSWCA,0.053,19.55,12.36,1.03
1757-TCATG,0.051,20.05,12.25,1.02
8191-XWSZG,0.05,20.65,12.28,1.02
3795-GWTRD,0.013,75.55,12.11,1.01
6897-RWMUB,0.015,68.05,12.15,1.01
2122-SZZZD,0.052,19.5,12.1,1.01
6695-FRVEC,0.017,60.4,11.97,1.0
9451-WLYRI,0.053,19.05,12.03,1.0
0621-TSSMU,0.05,19.95,11.95,1.0
6048-NJXHX,0.051,19.75,12.02,1.0
8859-AXJZP,0.042,23.8,11.95,1.0
8606-OEGQZ,0.039,25.3,11.95,1.0
5995-LFTLE,0.039,25.3,11.86,0.99
5356-KZCKT,0.04,24.45,11.84,0.99
8008-OTEZX,0.05,19.65,11.84,0.99
3521-HTQTV,0.038,26.1,11.81,0.98
0071-NDAFP,0.038,25.5,11.73,0.98
3078-ZKNTS,0.05,19.75,11.74,0.98
3079-BCHLN,0.049,19.9,11.8,0.98
5324-KTGCG,0.047,20.85,11.75,0.98
8450-LUGUK,0.041,24.1,11.78,0.98
2138-VFAPZ,0.049,19.7,11.68,0.97
0052-YNYOT,0.047,20.55,11.61,0.97
0969-RGKCU,0.049,19.8,11.55,0.96
4213-HKBJO,0.037,25.7,11.51,0.96
3572-UUHRS,0.051,18.85,11.51,0.96
9220-CXRSC,0.016,61.4,11.43,0.95
0526-SXDJP,0.023,42.1,11.43,0.95
5249-QYHEX,0.038,24.8,11.35,0.95
9661-JALZV,0.038,24.7,11.34,0.94
4883-KCPZJ,0.037,25.25,11.32,0.94
2263-SFSQZ,0.037,24.95,11.23,0.94
4940-KHCWD,0.025,37.7,11.24,0.94
3460-TJBWI,0.039,24.2,11.28,0.94
2808-CHTDM,0.037,25.1,11.19,0.93
7139-JZFVG,0.015,60.5,11.14,0.93
9359-JANWS,0.016,58.9,11.14,0.93
0531-XBKMM,0.014,65.7,11.2,0.93
3721-WKIIL,0.047,19.6,11.15,0.93
8590-OHDIW,0.045,20.3,11.04,0.92
7340-KEFQE,0.027,34.2,11.01,0.92
3389-KTRXV,0.039,23.85,11.08,0.92
7596-IIWYC,0.045,20.25,10.98,0.92
0559-CKHUS,0.047,19.55,11.03,0.92
0164-XAIRP,0.047,19.55,10.98,0.92
8859-YSTWS,0.046,19.95,10.97,0.91
0224-NIJLP,0.045,20.15,10.93,0.91
1266-NZYUI,0.014,66.85,10.89,0.91
3896-ZVNET,0.036,24.7,10.77,0.9
5063-IUOKK,0.045,19.75,10.76,0.9
1074-WVEVG,0.044,20.35,10.85,0.9
4487-ZYJZK,0.046,19.6,10.79,0.9
2162-FRZAA,0.023,39.35,10.77,0.9
5014-GSOUQ,0.045,19.95,10.78,0.9
9795-SHUHB,0.015,58.2,10.79,0.9
5647-URDKA,0.046,19.7,10.79,0.9
1245-HARPS,0.044,20.4,10.68,0.89
8148-WOCMK,0.045,19.6,10.63,0.89
7277-KAMWT,0.045,20.0,10.69,0.89
8314-HTWVE,0.045,19.85,10.71,0.89
0270-THENM,0.013,69.85,10.67,0.89
6253-GNHWH,0.012,71.1,10.66,0.89
9372-TXXPS,0.015,59.85,10.67,0.89
9424-CMPOG,0.045,19.6,10.51,0.88
7169-YWAMK,0.013,68.4,10.52,0.88
5177-RVZNU,0.043,20.3,10.53,0.88
1970-KKFWL,0.037,23.3,10.47,0.87
1716-LSAMB,0.016,54.65,10.41,0.87
5075-JSDKI,0.036,24.45,10.48,0.87
4518-FZBSX,0.043,20.25,10.42,0.87
3399-BMLVW,0.014,60.5,10.41,0.87
5338-YHWYT,0.014,61.45,10.46,0.87
2229-DPMBI,0.044,19.5,10.31,0.86
4335-BSMJS,0.033,25.8,10.22,0.85
5057-RKGLH,0.042,20.35,10.18,0.85
6199-IPCAO,0.033,26.1,10.19,0.85
7216-KAOID,0.044,19.5,10.26,0.85
2005-DWQZJ,0.045,19.05,10.26,0.85
4737-AQCPU,0.012,72.1,10.24,0.85
5986-WWXDV,0.044,19.35,10.25,0.85
8249-THVEC,0.044,19.4,10.2,0.85
0732-OCQOC,0.034,25.05,10.23,0.85
7337-CINUD,0.043,19.5,10.05,0.84
5227-JSCFE,0.018,46.35,10.07,0.84
5472-CVMDX,0.022,38.9,10.12,0.84
3352-RICWQ,0.043,19.75,10.09,0.84
5322-ZSMZY,0.033,25.75,10.11,0.84
0486-LGCCH,0.042,19.65,9.91,0.83
3120-FAZKD,0.035,24.05,9.97,0.83
8148-NLEGT,0.036,22.95,9.92,0.83
0301-KOBTQ,0.042,20.05,10.0,0.83
9227-UAQFT,0.042,19.75,9.86,0.82
1494-EJZDW,0.041,20.15,9.86,0.82
7399-QHBJS,0.012,66.75,9.83,0.82
6813-GZQCG,0.033,24.65,9.85,0.82
5666-MBJPT,0.033,25.1,9.84,0.82
9067-SQTNS,0.039,20.6,9.74,0.81
8807-OPMBM,0.031,25.65,9.66,0.81
1722-LDZJS,0.04,20.2,9.73,0.81
8292-ITGYJ,0.033,24.65,9.69,0.81
9639-BUJXT,0.039,20.5,9.69,0.81
9798-OPFEM,0.038,21.1,9.68,0.81
5044-XDPYX,0.032,25.5,9.74,0.81
4452-ROHMO,0.041,19.6,9.73,0.81
6828-HMKWP,0.038,21.05,9.66,0.8
6080-LNESI,0.032,24.75,9.56,0.8
5442-PPTJY,0.041,19.7,9.66,0.8
6292-TOSSS,0.032,24.9,9.56,0.8
2821-WARNZ,0.041,19.45,9.59,0.8
7688-AWMDX,0.015,54.5,9.61,0.8
4955-VCWBI,0.04,20.0,9.58,0.8
7469-LKBCI,0.042,18.95,9.64,0.8
1269-FOYWN,0.04,20.0,9.56,0.8
5158-RIVOP,0.038,20.9,9.54,0.79
5696-EXCYS,0.041,19.45,9.5,0.79
1328-EUZHC,0.039,20.1,9.52,0.79
7815-PDTHL,0.039,20.2,9.49,0.79
3266-FTKHB,0.041,19.15,9.52,0.79
2143-LJULT,0.031,25.25,9.49,0.79
4302-ZYFEL,0.039,20.55,9.54,0.79
2908-WGAXL,0.031,24.95,9.43,0.79
3400-ESFUW,0.014,57.55,9.48,0.79
2333-KWEWW,0.039,20.05,9.34,0.78
9170-ARBTB,0.04,19.6,9.4,0.78
9593-CVZKR,0.032,24.45,9.41,0.78
6925-BAYGL,0.031,25.1,9.41,0.78
8590-YFFQO,0.012,64.95,9.33,0.78
8241-JUIQO,0.04,19.45,9.4,0.78
8626-XHBIE,0.032,24.8,9.41,0.78
5859-HZYLF,0.04,19.15,9.25,0.77
7996-MHXLW,0.03,25.15,9.19,0.77
9503-XJUME,0.039,19.65,9.25,0.77
8234-GSZYK,0.029,26.45,9.23,0.77
3865-ZFZIB,0.039,19.65,9.08,0.76
8902-ZEOVF,0.038,20.05,9.09,0.76
1116-FRYVH,0.019,39.4,9.12,0.76
8143-ETQTI,0.039,19.65,9.15,0.76
1240-HCBOH,0.029,26.1,9.17,0.76
1619-YWUBB,0.03,24.95,9.06,0.76
3525-DVKFN,0.039,19.4,9.16,0.76
0064-SUDOG,0.037,20.3,9.06,0.76
1085-LDWAM,0.037,20.35,9.12,0.76
4644-OBGFZ,0.039,19.5,9.13,0.76
8067-NIOYM,0.036,21.1,9.04,0.75
8441-SHIPE,0.029,25.6,8.96,0.75
3785-KTYSH,0.031,24.6,9.05,0.75
9945-PSVIP,0.04,18.7,8.97,0.75
7872-BAAZR,0.038,19.55,9.01,0.75
3284-SVCRO,0.029,25.5,8.95,0.75
1073-XXCZD,0.029,25.7,9.04,0.75
6407-GSJNL,0.03,24.95,8.97,0.75
0827-ITJPH,0.04,18.55,8.83,0.74
4884-LEVMQ,0.036,20.45,8.85,0.74
5699-BNCAS,0.03,24.65,8.82,0.74
3957-SQXML,0.029,24.95,8.83,0.74
1089-XZWHH,0.038,19.7,8.94,0.74
3148-AOIQT,0.03,24.95,8.91,0.74
4573-JKNAE,0.038,19.35,8.82,0.74
5605-XNWEN,0.03,25.0,8.89,0.74
9950-MTGYX,0.036,20.3,8.88,0.74
8207-VVMYB,0.029,26.0,8.92,0.74
4896-CPRPF,0.029,25.45,8.81,0.73
8966-KZXXA,0.029,25.1,8.77,0.73
2452-MRMZF,0.028,25.7,8.78,0.73
3884-UEBXB,0.02,36.15,8.65,0.72
4703-MQYKT,0.036,19.6,8.58,0.72
5016-LIPDW,0.037,19.4,8.64,0.72
3511-BFTJW,0.019,38.5,8.65,0.72
9620-QJREV,0.035,20.55,8.64,0.72
2560-WBWXF,0.03,24.15,8.7,0.72
2961-VNFKL,0.027,25.95,8.55,0.71
5334-AFQJB,0.028,25.1,8.52,0.71
5148-HKFIR,0.036,19.7,8.47,0.71
6051-PTVNS,0.037,19.15,8.53,0.71
6734-PSBAW,0.03,23.55,8.35,0.7
9964-WBQDJ,0.029,24.4,8.38,0.7
7014-ZZXAW,0.029,24.25,8.37,0.7
6917-FIJHC,0.027,26.0,8.38,0.7
2511-ALLCS,0.029,24.3,8.35,0.7
9548-LERKT,0.035,19.75,8.41,0.7
7009-PCARS,0.036,19.1,8.35,0.7
3612-YVGSJ,0.028,24.45,8.33,0.69
4565-NLZBV,0.028,24.65,8.27,0.69
4018-PPNDW,0.029,24.1,8.27,0.69
9650-VBUOG,0.028,25.05,8.3,0.69
1843-TLSGD,0.033,20.85,8.27,0.69
1926-QUZNN,0.027,25.25,8.2,0.68
0626-QXNGV,0.028,24.15,8.17,0.68
9588-YRFHY,0.034,19.9,8.21,0.68
8882-TLVRW,0.017,39.1,8.13,0.68
1395-WSWXR,0.033,20.75,8.11,0.68
0318-ZOPWS,0.034,20.15,8.15,0.68
8874-EJNSR,0.027,25.2,8.19,0.68
3580-GICBM,0.028,24.2,8.17,0.68
0854-UYHZD,0.034,19.55,8.08,0.67
8028-PNXHQ,0.028,24.25,8.09,0.67
7552-KEYGT,0.034,19.55,8.04,0.67
1468-DEFNC,0.028,24.4,8.08,0.67
6248-BSHKG,0.033,20.4,7.98,0.67
0608-JDVEC,0.034,19.8,8.02,0.67
2428-HYUNX,0.034,19.35,7.96,0.66
6696-YDAYZ,0.032,20.5,7.88,0.66
6614-YWYSC,0.026,25.0,7.91,0.66
9786-YWNHU,0.01,63.55,7.93,0.66
3472-QPRCH,0.026,25.25,7.88,0.66
2266-FUBDZ,0.034,19.35,7.94,0.66
7560-QRBXH,0.033,19.95,7.96,0.66
4825-FUREZ,0.032,20.25,7.86,0.66
1852-QSWCD,0.027,24.8,7.95,0.66
4458-KVRBJ,0.026,25.0,7.83,0.65
7205-BAIAD,0.032,20.6,7.83,0.65
5296-PSYVW,0.027,24.55,7.81,0.65
2481-SBOYW,0.026,25.0,7.74,0.65
7608-RGIRO,0.027,24.4,7.86,0.65
2346-CZYIL,0.032,20.35,7.83,0.65
5549-ZGHFB,0.026,24.95,7.78,0.65
2805-AUFQN,0.033,19.8,7.8,0.65
8219-VYBVI,0.026,25.0,7.76,0.65
7473-ZBDSN,0.034,18.8,7.71,0.64
1241-EZFMJ,0.025,25.45,7.65,0.64
5231-FIQPA,0.032,19.85,7.68,0.64
7601-DHFWZ,0.027,24.0,7.64,0.64
5171-EPLKN,0.032,19.85,7.7,0.64
1080-BWSYE,0.025,25.65,7.59,0.63
4774-HHGGS,0.033,19.05,7.57,0.63
7008-LZVOZ,0.025,25.3,7.57,0.63
4636-TVXVG,0.031,19.95,7.52,0.63
8069-RHUXK,0.018,35.7,7.58,0.63
3563-SVYLG,0.01,62.65,7.51,0.63
7503-EPSZW,0.026,24.05,7.58,0.63
5406-KGRMX,0.026,24.55,7.59,0.63
6770-UAYGJ,0.025,25.25,7.62,0.63
3719-TDVQB,0.033,18.95,7.4,0.62
5542-NKVRU,0.03,20.75,7.41,0.62
1699-TLDLZ,0.031,19.7,7.43,0.62
2799-TSLAG,0.024,25.3,7.42,0.62
8532-UEFWH,0.024,25.75,7.45,0.62
8361-LBRDI,0.026,24.35,7.48,0.62
2207-RYYRL,0.025,24.55,7.38,0.61
1248-DYXUB,0.025,24.8,7.3,0.61
1697-LYYYX,0.032,19.1,7.28,0.61
7113-HIPFI,0.009,65.85,7.36,0.61
4785-FCIFB,0.025,24.4,7.32,0.61
7706-YLMQA,0.031,19.7,7.27,0.61
2208-NKVVH,0.025,24.25,7.3,0.61
6370-ZVHDV,0.024,25.3,7.31,0.61
4804-NCPET,0.03,20.2,7.25,0.6
9337-SRRNI,0.024,25.3,7.17,0.6
9385-EHGDO,0.03,19.85,7.15,0.6
9087-EYCPR,0.024,25.0,7.25,0.6
5124-EOGYE,0.029,20.45,7.15,0.6
1627-AFWVJ,0.03,19.4,7.03,0.59
0442-TDYUO,0.03,20.05,7.13,0.59
1223-UNPKS,0.029,20.05,7.03,0.59
3088-FVYWK,0.023,25.55,7.13,0.59
3967-VQOGC,0.024,24.9,7.09,0.59
4652-ODEVH,0.024,24.45,6.9,0.58
2892-GESUL,0.03,19.35,6.95,0.58
3662-FXJFO,0.028,20.5,6.93,0.58
0463-TXOAK,0.023,25.6,6.95,0.58
1985-MBRYP,0.03,19.65,7.01,0.58
3913-RDSJZ,0.023,25.55,7.01,0.58
9953-ZMKSM,0.023,25.25,7.01,0.58
3978-YNKDD,0.028,20.85,6.93,0.58
8999-EXMNO,0.029,20.15,6.91,0.58
2253-KPMNB,0.013,46.25,6.97,0.58
5220-AGAAX,0.024,24.0,6.97,0.58
6265-FRMTQ,0.028,20.4,6.94,0.58
7480-SPLEF,0.022,26.0,6.98,0.58
9286-BHDQG,0.013,45.25,6.86,0.57
1207-BLKSA,0.025,23.05,6.88,0.57
8174-LNWMW,0.027,20.9,6.83,0.57
6551-VLJMV,0.028,20.05,6.81,0.57
1813-JLKWR,0.029,19.8,6.83,0.57
3027-YNWZU,0.023,25.0,6.79,0.57
2632-TACXW,0.024,23.65,6.89,0.57
6134-KWTBV,0.024,23.4,6.83,0.57
3873-WOSBC,0.022,25.6,6.7,0.56
8859-DZTGQ,0.028,20.35,6.77,0.56
2097-YVPKN,0.022,25.75,6.71,0.56
0839-QNXME,0.029,19.4,6.76,0.56
1705-GUHPV,0.023,24.2,6.69,0.56
9418-RUKPH,0.027,19.95,6.57,0.55
6923-AQONU,0.026,20.9,6.56,0.55
1635-HDGFT,0.027,20.5,6.6,0.55
8577-QSOCG,0.027,20.2,6.59,0.55
5115-SQAAU,0.021,25.6,6.54,0.55
5176-LMJXE,0.027,20.55,6.62,0.55
5968-HYJRZ,0.022,24.55,6.57,0.55
5310-NOOVA,0.028,19.95,6.65,0.55
4979-HPRFL,0.022,24.15,6.43,0.54
3768-VHXQO,0.022,24.85,6.5,0.54
8395-ETZKQ,0.028,19.5,6.48,0.54
9430-NKQLY,0.021,25.1,6.43,0.54
7416-CKTEP,0.028,19.6,6.51,0.54
1767-CJKBA,0.022,25.1,6.52,0.54
8619-IJNDK,0.008,64.05,6.48,0.54
4176-RELJR,0.022,25.1,6.5,0.54
6024-RUGGH,0.021,25.2,6.36,0.53
5939-SXWHM,0.02,26.3,6.36,0.53
3118-UHVVQ,0.02,25.8,6.31,0.53
7977-HXJKU,0.027,19.6,6.41,0.53
2072-ZVJJX,0.021,25.25,6.37,0.53
7945-PRBVF,0.025,21.45,6.34,0.53
4299-OPXEJ,0.027,19.55,6.31,0.53
5982-XMDEX,0.02,26.5,6.3,0.53
4779-ZGICK,0.022,23.55,6.34,0.53
0354-VXMJC,0.027,19.6,6.32,0.53
9585-KKMFD,0.027,20.0,6.4,0.53
2696-RZVZW,0.021,25.05,6.36,0.53
3154-HMWUU,0.026,20.5,6.4,0.53
9631-RXVJM,0.027,19.25,6.25,0.52
1635-NZATJ,0.02,25.45,6.2,0.52
1955-IBMMB,0.026,20.2,6.2,0.52
1839-FBNFR,0.026,19.85,6.28,0.52
7267-FRMJW,0.026,20.1,6.25,0.52
3836-FZSDJ,0.021,24.85,6.18,0.52
4625-XMOYM,0.02,26.25,6.25,0.52
6484-LATFU,0.021,24.55,6.09,0.51
6010-DDPPW,0.02,25.15,6.16,0.51
1231-YNDEK,0.027,19.15,6.15,0.51
3070-FNFZQ,0.025,20.4,6.08,0.51
4534-WGCIR,0.02,25.15,5.98,0.5
1820-DJFPH,0.021,24.05,5.95,0.5
1131-QQZEB,0.021,23.95,6.03,0.5
1087-GRUYI,0.025,20.4,6.06,0.5
7850-THJMU,0.025,19.65,5.96,0.5
8173-RXAYP,0.025,19.7,5.95,0.5
4589-IUAJB,0.02,24.25,5.95,0.5
9392-XBGTD,0.024,20.6,5.97,0.5
0603-TPMIB,0.019,25.45,5.9,0.49
4707-MAXGU,0.019,25.85,5.85,0.49
3696-DFHHB,0.019,25.5,5.83,0.49
8774-GSBUN,0.019,25.4,5.85,0.49
3373-DIUUN,0.023,21.25,5.91,0.49
6518-PPLMZ,0.025,19.4,5.82,0.49
2384-OVPSA,0.024,20.2,5.82,0.49
0281-CNTZX,0.024,19.95,5.83,0.49
2509-TFPJU,0.019,25.75,5.84,0.49
4609-KNNWG,0.025,19.9,5.92,0.49
2595-KIWPV,0.024,19.7,5.75,0.48
3635-QQRQD,0.024,20.05,5.74,0.48
0971-QIFJK,0.02,24.25,5.79,0.48
5846-ABOBJ,0.02,24.45,5.79,0.48
1987-AUELQ,0.019,25.05,5.72,0.48
8917-FAEMR,0.024,19.85,5.76,0.48
1215-EXRMO,0.023,20.55,5.79,0.48
9624-EGDEQ,0.024,19.8,5.77,0.48
4656-CAURT,0.02,23.95,5.78,0.48
0374-FIUCA,0.023,20.4,5.73,0.48
8749-TZYEC,0.02,24.8,5.81,0.48
2169-RRLFW,0.019,25.6,5.75,0.48
4312-KFRXN,0.019,25.4,5.79,0.48
0795-XCCTE,0.019,25.4,5.64,0.47
4335-UPJSI,0.024,19.75,5.68,0.47
5743-KHMNA,0.018,25.55,5.64,0.47
7161-DFHUF,0.02,23.85,5.6,0.47
9397-TZSHA,0.019,24.6,5.59,0.47
0582-AVCLN,0.023,20.3,5.6,0.47
8735-SDUFN,0.019,24.3,5.62,0.47
0625-AFOHS,0.023,20.2,5.61,0.47
4443-EMBNA,0.019,24.75,5.61,0.47
7096-ZNBZI,0.018,26.45,5.63,0.47
8838-GPHZP,0.022,20.6,5.5,0.46
2300-RQGOI,0.023,20.05,5.58,0.46
4933-BSAIP,0.024,19.1,5.48,0.46
9153-BTBVV,0.019,25.0,5.56,0.46
8237-ULIXL,0.019,24.85,5.55,0.46
0936-NQLJU,0.022,20.65,5.47,0.46
9710-NJERN,0.023,20.15,5.48,0.46
0506-YLVKJ,0.023,20.2,5.57,0.46
4231-LZUYM,0.018,25.65,5.52,0.46
4836-WNFNO,0.018,25.0,5.54,0.46
6139-ZZRBQ,0.023,20.05,5.57,0.46
8946-BFWSG,0.018,25.25,5.52,0.46
5296-BFCYD,0.023,20.1,5.57,0.46
6000-UKLWI,0.022,20.15,5.4,0.45
8780-IHCRN,0.018,24.65,5.43,0.45
3970-XGJDU,0.023,19.2,5.35,0.45
5480-XTFFL,0.022,21.0,5.45,0.45
4641-FROLU,0.023,19.3,5.39,0.45
8092-NLTGF,0.018,24.75,5.37,0.45
7115-IRDHS,0.018,24.65,5.44,0.45
1270-XKUCC,0.023,19.7,5.43,0.45
5006-MXVRN,0.022,20.7,5.42,0.45
4475-NVTLU,0.023,19.2,5.31,0.44
4635-EJYPD,0.023,18.95,5.29,0.44
4735-BJKOU,0.022,20.15,5.31,0.44
8701-DGLVH,0.022,20.45,5.3,0.44
5598-IKHQQ,0.017,25.45,5.27,0.44
7647-GYYKX,0.022,20.35,5.34,0.44
7941-RCJOW,0.022,19.55,5.22,0.44
2796-NNUFI,0.022,19.95,5.29,0.44
2208-MPXIO,0.022,20.0,5.3,0.44
1657-DYMBM,0.022,19.9,5.21,0.43
3097-FQTVJ,0.021,20.0,5.14,0.43
3454-JFUBC,0.021,20.0,5.13,0.43
7321-KKSDU,0.021,20.5,5.21,0.43
3212-KXOCR,0.02,21.0,5.1,0.43
0362-RAOQO,0.022,19.65,5.22,0.43
1167-OYZJF,0.022,20.05,5.18,0.43
0206-OYVOC,0.022,19.25,5.19,0.43
0485-ZBSLN,0.018,24.75,5.21,0.43
2888-ADFAO,0.02,21.3,5.19,0.43
8402-OOOHJ,0.021,20.65,5.21,0.43
6651-RLGGM,0.016,26.3,5.0,0.42
1047-RNXZV,0.022,19.55,5.08,0.42
4698-KVLLG,0.022,19.6,5.08,0.42
2418-TPEUN,0.021,19.8,5.07,0.42
1241-FPMOF,0.021,19.65,5.06,0.42
7167-PCEYD,0.021,19.8,5.06,0.42
2817-LVCPP,0.022,19.4,5.04,0.42
6485-QXWWE,0.016,26.0,5.07,0.42
3769-MHZNV,0.021,20.1,5.04,0.42
4807-IZYOZ,0.02,20.65,4.93,0.41
3359-DSRKA,0.02,19.85,4.86,0.41
6169-PPETC,0.02,20.5,4.94,0.41
4625-LAMOB,0.02,20.4,4.96,0.41
9507-HSMMZ,0.02,20.0,4.88,0.41
2900-PHPLN,0.021,19.55,4.87,0.41
7601-GNDYK,0.021,19.6,4.95,0.41
0508-SQWPL,0.02,20.1,4.86,0.41
6725-TPKJO,0.021,20.05,4.96,0.41
2729-VNVAP,0.021,19.8,4.94,0.41
5845-BZZIB,0.021,20.1,4.97,0.41
6217-KDYWC,0.021,19.6,4.95,0.41
2050-ONYDQ,0.016,26.0,4.97,0.41
7225-IILWY,0.016,25.75,4.84,0.4
9814-AOUDH,0.021,19.5,4.86,0.4
2675-IJRGJ,0.02,19.65,4.77,0.4
6479-SZPLM,0.02,19.45,4.77,0.4
6857-TKDJV,0.016,24.65,4.79,0.4
6685-XSHHU,0.019,20.95,4.83,0.4
9646-NMHXE,0.021,19.65,4.83,0.4
9504-YAZWB,0.02,20.25,4.75,0.4
8540-ZQGEA,0.02,20.05,4.83,0.4
7427-AUFPY,0.02,19.65,4.71,0.39
6625-FLENO,0.019,20.75,4.65,0.39
2228-BZDEE,0.019,20.1,4.62,0.39
9500-WBGRP,0.02,19.1,4.69,0.39
9574-BOSMD,0.015,25.4,4.67,0.39
6349-JDHQP,0.02,19.85,4.66,0.39
3451-VAWLI,0.02,19.7,4.7,0.39
3308-DGHKL,0.02,19.3,4.69,0.39
3764-MNMOI,0.02,19.2,4.58,0.38
0621-CXBKL,0.02,18.7,4.6,0.38
6425-JWTDV,0.02,19.25,4.59,0.38
3810-PJUHR,0.015,25.35,4.56,0.38
2068-WWXQZ,0.019,20.05,4.59,0.38
8544-JNBOX,0.018,20.8,4.56,0.38
7696-CFTAT,0.019,19.8,4.59,0.38
4195-PNGZS,0.016,24.45,4.56,0.38
6961-MJKBO,0.018,20.45,4.51,0.38
0394-YONDK,0.015,25.15,4.55,0.38
5854-KSRBJ,0.015,25.4,4.6,0.38
6892-BOGQE,0.018,20.9,4.6,0.38
2642-MAWLJ,0.019,20.25,4.54,0.38
7493-GVFIO,0.018,20.55,4.51,0.38
7606-BPHHN,0.019,19.8,4.4,0.37
5093-FEGLU,0.019,19.65,4.47,0.37
9838-BFCQT,0.014,26.1,4.39,0.37
0174-QRVVY,0.015,25.35,4.45,0.37
5529-GIBVH,0.018,20.15,4.44,0.37
4990-ALDGW,0.018,20.75,4.5,0.37
7293-LSCDV,0.019,19.25,4.45,0.37
9084-OAYKL,0.018,20.8,4.42,0.37
0932-YIXYU,0.018,20.25,4.39,0.37
0780-XNZFN,0.018,20.65,4.39,0.37
4361-FEBGN,0.018,20.15,4.43,0.37
3973-SKMLN,0.019,19.9,4.48,0.37
5567-GZKQY,0.018,20.3,4.29,0.36
1106-HRLKZ,0.018,19.6,4.33,0.36
9916-AYHTC,0.018,19.85,4.37,0.36
8464-EETCQ,0.019,18.8,4.28,0.36
5821-MMEIL,0.018,19.9,4.36,0.36
6181-AXXYF,0.015,24.75,4.31,0.36
3498-LZGQZ,0.019,19.15,4.35,0.36
1460-UZPRJ,0.018,19.95,4.37,0.36
0562-HKHML,0.015,23.9,4.28,0.36
6963-KQYQB,0.015,24.05,4.34,0.36
6285-FTQBF,0.014,25.55,4.33,0.36
4878-BUNFV,0.017,20.7,4.16,0.35
9135-HSWOC,0.018,19.7,4.21,0.35
7010-BRBUU,0.015,24.1,4.22,0.35
7711-GQBZC,0.014,24.7,4.15,0.35
5804-JMYIO,0.018,19.75,4.24,0.35
1299-AURJA,0.014,24.7,4.21,0.35
6734-JDTTV,0.017,19.85,4.15,0.35
3646-ITDGM,0.018,19.7,4.2,0.35
8224-KDLKN,0.014,25.0,4.2,0.35
7980-MHFLQ,0.014,24.9,4.16,0.35
4193-IBKSW,0.014,24.75,4.21,0.35
2569-WGERO,0.017,21.15,4.21,0.35
3261-CQXOL,0.014,25.45,4.17,0.35
8922-NPKBJ,0.018,19.35,4.09,0.34
6976-BWGLQ,0.013,25.2,4.03,0.34
5884-FBCTL,0.013,25.1,4.07,0.34
9068-FHQHD,0.017,20.15,4.05,0.34
9365-CSLBQ,0.014,24.35,4.13,0.34
6582-PLFUU,0.017,19.55,4.07,0.34
6323-AYBRX,0.018,19.35,4.13,0.34
7729-XBTWX,0.017,19.75,4.11,0.34
6340-DACFT,0.016,20.55,4.06,0.34
1555-HAPSU,0.014,23.9,4.1,0.34
7684-XSZIY,0.014,24.3,4.13,0.34
0480-KYJVA,0.014,24.25,4.06,0.34
7558-IMLMT,0.016,20.8,4.09,0.34
0704-VCUMB,0.017,20.25,4.03,0.34
1574-DYCWE,0.016,19.95,3.93,0.33
7643-RCHXS,0.017,19.35,3.97,0.33
2525-GVKQU,0.016,20.6,3.9,0.33
8215-NGSPE,0.016,20.0,3.93,0.33
0402-OAMEN,0.014,24.45,3.97,0.33
9938-PRCVK,0.017,19.7,3.91,0.33
1306-RPWXZ,0.016,20.45,3.93,0.33
8857-CUPFQ,0.017,19.25,3.94,0.33
9764-REAFF,0.018,18.4,3.96,0.33
8165-ZJRNM,0.014,23.75,3.94,0.33
9565-AXSMR,0.017,19.2,3.96,0.33
3170-NMYVV,0.016,20.15,3.91,0.33
5656-JAMLX,0.016,19.85,3.79,0.32
5465-BUBFA,0.017,19.3,3.87,0.32
5242-UOWHD,0.016,20.35,3.84,0.32
9173-IVZVP,0.015,20.9,3.81,0.32
9371-BITHB,0.016,19.85,3.83,0.32
2626-VEEWG,0.017,19.4,3.88,0.32
6619-RPLQZ,0.015,20.85,3.67,0.31
0040-HALCW,0.015,20.4,3.78,0.31
9972-EWRJS,0.016,19.25,3.69,0.31
8957-THMOA,0.016,20.15,3.77,0.31
9257-AZMTZ,0.016,20.1,3.75,0.31
2400-FEQME,0.015,20.5,3.76,0.31
3620-EHIMZ,0.016,19.35,3.77,0.31
2181-TIDSV,0.016,19.95,3.77,0.31
7114-AEOZE,0.016,19.85,3.78,0.31
2007-QVGAW,0.015,19.35,3.55,0.3
2616-FLVQC,0.016,19.55,3.64,0.3
2075-PUEPR,0.015,19.35,3.58,0.3
7242-EDTYC,0.015,19.55,3.55,0.3
0607-DAAHE,0.015,19.75,3.58,0.3
9975-GPKZU,0.015,19.75,3.61,0.3
5793-YOLJN,0.014,21.0,3.63,0.3
6848-HJTXY,0.015,19.45,3.6,0.3
8347-GDTMP,0.015,19.45,3.61,0.3
5970-GHJAW,0.015,19.95,3.62,0.3
1098-KFQEC,0.015,19.4,3.44,0.29
8747-UDCOI,0.015,19.35,3.49,0.29
5902-WBLSE,0.014,20.15,3.49,0.29
8896-RAZCR,0.015,19.9,3.51,0.29
6762-NSODU,0.015,19.4,3.46,0.29
0613-WUXUM,0.015,19.2,3.47,0.29
0386-CWRGM,0.015,19.4,3.51,0.29
1709-EJDOX,0.014,19.75,3.42,0.29
2607-DHDAK,0.014,19.8,3.43,0.29
7634-HLQJR,0.014,20.05,3.43,0.29
3190-ITQXP,0.014,20.25,3.44,0.29
2718-YSKCS,0.015,19.6,3.46,0.29
8727-JQFHV,0.014,20.75,3.53,0.29
8380-MQINP,0.014,20.3,3.53,0.29
6345-FZOQH,0.014,19.9,3.38,0.28
8129-GMVGI,0.014,20.05,3.42,0.28
6855-VLGOS,0.013,20.55,3.32,0.28
0397-ZXWQF,0.014,20.5,3.38,0.28
1945-XISKS,0.014,19.65,3.4,0.28
9081-WWXKP,0.014,20.25,3.38,0.28
9251-AWQGT,0.014,20.0,3.33,0.28
5730-DBDSI,0.014,19.7,3.36,0.28
1862-QRWPE,0.013,20.65,3.33,0.28
7515-LODFU,0.014,20.3,3.32,0.28
1302-TPUBN,0.014,19.35,3.33,0.28
8711-LOBKY,0.014,19.85,3.31,0.28
1293-BSEUN,0.014,20.7,3.39,0.28
3457-PQBYH,0.013,20.3,3.22,0.27
6060-QBMGV,0.014,19.85,3.27,0.27
6585-WCEWR,0.013,20.35,3.28,0.27
4821-WQOYN,0.013,20.1,3.25,0.27
5893-KCLGT,0.013,19.75,3.19,0.27
7717-BICXI,0.013,20.55,3.25,0.27
8755-OGKNA,0.014,19.5,3.24,0.27
2346-LOCWC,0.013,20.5,3.24,0.27
8232-UTFOZ,0.013,19.95,3.18,0.27
5146-YYFRZ,0.014,19.95,3.3,0.27
4742-TXUEX,0.014,19.3,3.29,0.27
8164-OCKUJ,0.013,20.6,3.23,0.27
7033-CLAMM,0.014,20.2,3.29,0.27
2230-XTUWL,0.014,19.55,3.28,0.27
1399-OUPJN,0.014,19.75,3.29,0.27
2146-EGVDT,0.014,19.3,3.24,0.27
8514-VZHEB,0.014,19.5,3.27,0.27
5848-FHRFC,0.013,20.05,3.09,0.26
7695-PKLCZ,0.013,20.5,3.16,0.26
3777-XROBG,0.013,19.55,3.15,0.26
8917-SZTTJ,0.013,19.65,3.15,0.26
0505-SPOOW,0.013,19.8,3.06,0.26
2545-LXYVJ,0.013,20.7,3.11,0.26
3274-NSDWE,0.013,19.6,3.12,0.26
8434-VGEQQ,0.013,20.55,3.16,0.26
7328-ZJAJO,0.013,19.5,3.11,0.26
0404-AHASP,0.013,19.7,3.07,0.26
8285-ABVLB,0.013,19.85,3.08,0.26
8966-SNIZF,0.013,19.45,3.01,0.25
0825-CPPQH,0.013,19.1,2.96,0.25
1830-IPXVJ,0.013,19.75,2.97,0.25
3507-GASNP,0.013,19.95,3.04,0.25
7064-JHXCE,0.013,20.05,3.02,0.25
5787-KXGIY,0.013,19.3,3.0,0.25
1927-QEWMY,0.012,20.5,3.0,0.25
7602-DBTOU,0.013,19.6,3.05,0.25
9625-RZFUK,0.013,19.7,2.96,0.25
1591-XWLGB,0.013,19.85,3.01,0.25
7268-WNTCP,0.012,20.45,3.02,0.25
8043-PNYSD,0.013,19.55,2.94,0.25
2236-HILPA,0.012,20.65,3.04,0.25
7463-IFMQU,0.012,20.05,2.91,0.24
7083-MIOPC,0.012,20.25,2.85,0.24
3910-MRQOY,0.012,19.4,2.9,0.24
2429-AYKKO,0.012,19.85,2.88,0.24
7157-SMCFK,0.012,19.75,2.92,0.24
0962-CQPWQ,0.012,20.3,2.87,0.24
3976-HXHCE,0.012,19.3,2.84,0.24
6621-NRZAK,0.012,20.0,2.78,0.23
9800-OUIGR,0.011,20.0,2.72,0.23
7969-FFOWG,0.012,19.9,2.8,0.23
0847-HGRML,0.012,20.0,2.82,0.23
3774-VBNXY,0.011,20.2,2.76,0.23
5799-JRCZO,0.011,19.5,2.61,0.22
2804-ETQDK,0.011,20.55,2.62,0.22
3678-MNGZX,0.011,19.95,2.53,0.21
1764-VUUMT,0.011,19.95,2.54,0.21
0902-XKXPN,0.01,20.2,2.46,0.21
6980-IMXXE,0.01,20.2,2.36,0.2
0831-JNISG,0.01,19.8,2.37,0.2
9537-JALFH,0.01,19.9,2.45,0.2
3279-DYZQM,0.01,19.45,2.35,0.2
4957-SREEC,0.01,20.35,2.45,0.2
1403-GYAFU,0.01,20.05,2.41,0.2
7876-DNYAP,0.01,19.8,2.38,0.2
5346-BZCHP,0.01,19.4,2.37,0.2
3996-ZNWYK,0.01,19.8,2.44,0.2
0640-YJTPY,0.009,21.0,2.31,0.19
8750-QWZAJ,0.01,19.8,2.27,0.19
8229-BUJHX,0.009,20.5,2.26,0.19
4277-BWBML,0.009,19.95,2.23,0.19
3173-WSSUE,0.009,19.7,2.23,0.19
2984-RGEYA,0.01,19.75,2.33,0.19
4086-WITJG,0.01,19.7,2.31,0.19
7673-BQGKU,0.01,20.15,2.34,0.19
1052-QJIBV,0.009,19.9,2.24,0.19
0042-RLHYP,0.01,19.7,2.34,0.19
2848-YXSMW,0.01,19.4,2.25,0.19
0794-YVSGE,0.009,20.3,2.26,0.19
0464-WJTKO,0.009,20.1,2.17,0.18
0264-CNITK,0.009,20.1,2.21,0.18
3642-BYHDO,0.009,19.9,2.21,0.18
0784-ZQJZX,0.009,19.9,2.19,0.18
4817-KEQSP,0.009,19.85,2.19,0.18
6928-ONTRW,0.009,19.7,2.16,0.18
1166-PQLGG,0.009,19.55,2.15,0.18
